Bohol,Alburquerque,Bahi,928
Bohol,Alburquerque,Basacdacu,793
Bohol,Alburquerque,Cantiguib,585
Bohol,Alburquerque,Dangay,769
Bohol,Alburquerque,East Poblacion,2046
Bohol,Alburquerque,Ponong,1225
Bohol,Alburquerque,San Agustin,552
Bohol,Alburquerque,Santa Filomena,914
Bohol,Alburquerque,Tagbuane,867
Bohol,Alburquerque,Toril,746
Bohol,Alburquerque,West Poblacion,1115
Bohol,Alicia,Cabatang,861
Bohol,Alicia,Cagongcagong,440
Bohol,Alicia,Cambaol,1216
Bohol,Alicia,Cayacay,1897
Bohol,Alicia,Del Monte,834
Bohol,Alicia,Katipunan,2317
Bohol,Alicia,La Hacienda,3758
Bohol,Alicia,Mahayag,681
Bohol,Alicia,Napo,1295
Bohol,Alicia,Pagahat,747
Bohol,Alicia,Poblacion (Calingganay),4214
Bohol,Alicia,Progreso,1031
Bohol,Alicia,Putlongcam,1698
Bohol,Alicia,Sudlon (Omhor),656
Bohol,Alicia,Untaga,1872
Bohol,Anda,Almaria,370
Bohol,Anda,Bacong,2323
Bohol,Anda,Badiang,1281
Bohol,Anda,Buenasuerte,321
Bohol,Anda,Candabong,2193
Bohol,Anda,Casica,464
Bohol,Anda,Katipunan,467
Bohol,Anda,Linawan,918
Bohol,Anda,Lundag,980
Bohol,Anda,Poblacion,1312
Bohol,Anda,Santa Cruz,1073
Bohol,Anda,Suba,1102
Bohol,Anda,Talisay,936
Bohol,Anda,Tanod,421
Bohol,Anda,Tawid,789
Bohol,Anda,Virgen,1512
Bohol,Antequera,Angilan,947
Bohol,Antequera,Bantolinao,1274
Bohol,Antequera,Bicahan,766
Bohol,Antequera,Bitaugan,622
Bohol,Antequera,Bungahan,832
Bohol,Antequera,Canlaas,650
Bohol,Antequera,Cansibuan,569
Bohol,Antequera,Can-Omay,543
Bohol,Antequera,Celing,684
Bohol,Antequera,Danao,473
Bohol,Antequera,Danicop,659
Bohol,Antequera,Mag-Aso,407
Bohol,Antequera,Poblacion,1404
Bohol,Antequera,Quinapon-An,283
Bohol,Antequera,Santo Rosario,528
Bohol,Antequera,Tabuan,579
Bohol,Antequera,Tagubaas,456
Bohol,Antequera,Tupas,850
Bohol,Antequera,Ubojan,450
Bohol,Antequera,Viga,586
Bohol,Antequera,Villa Aurora (Canoc-Oc),863
Bohol,Baclayon,Cambanac,407
Bohol,Baclayon,Dasitam,752
Bohol,Baclayon,Buenaventura,395
Bohol,Baclayon,Guiwanon,1474
Bohol,Baclayon,Landican,869
Bohol,Baclayon,Laya,1068
Bohol,Baclayon,Libertad,1315
Bohol,Baclayon,Montana,1719
Bohol,Baclayon,Pamilacan,1418
Bohol,Baclayon,Payahan,920
Bohol,Baclayon,Poblacion,2009
Bohol,Baclayon,San Isidro,919
Bohol,Baclayon,San Roque,1478
Bohol,Baclayon,San Vicente,1249
Bohol,Baclayon,Santa Cruz,1913
Bohol,Baclayon,Taguihon,1877
Bohol,Baclayon,Tanday,809
Bohol,Balilihan,Baucan Norte,666
Bohol,Balilihan,Baucan Sur,799
Bohol,Balilihan,Boctol,1322
Bohol,Balilihan,Boyog Norte,227
Bohol,Balilihan,Boyog Proper,281
Bohol,Balilihan,Boyog Sur,348
Bohol,Balilihan,Cabad,677
Bohol,Balilihan,Candasig,609
Bohol,Balilihan,Cantalid,400
Bohol,Balilihan,Cantomimbo,539
Bohol,Balilihan,Cogon,774
Bohol,Balilihan,Datag Norte,604
Bohol,Balilihan,Datag Sur,498
Bohol,Balilihan,Del Carmen Este (Pob.),669
Bohol,Balilihan,Del Carmen Norte (Pob.),746
Bohol,Balilihan,Del Carmen Weste (Pob.),827
Bohol,Balilihan,Del Carmen Sur (Pob.),615
Bohol,Balilihan,Del Rosario,230
Bohol,Balilihan,Dorol,746
Bohol,Balilihan,Haguilanan Grande,686
Bohol,Balilihan,Hanopol Este,345
Bohol,Balilihan,Hanopol Norte,384
Bohol,Balilihan,Hanopol Weste,245
Bohol,Balilihan,Magsija,611
Bohol,Balilihan,Maslog,524
Bohol,Balilihan,Sagasa,613
Bohol,Balilihan,Sal-Ing,672
Bohol,Balilihan,San Isidro,455
Bohol,Balilihan,San Roque,546
Bohol,Balilihan,Santo Niño,532
Bohol,Balilihan,Tagustusan,713
Bohol,Batuan,Aloja,424
Bohol,Batuan,Cabacnitan,701
Bohol,Batuan,Cambacay,673
Bohol,Batuan,Cantigdas,786
Bohol,Batuan,Garcia,476
Bohol,Batuan,Janlud,780
Bohol,Batuan,Poblacion Norte,1988
Bohol,Batuan,Poblacion Sur,1313
Bohol,Batuan,Poblacion Vieja (Longsudaan),899
Bohol,Batuan,Quezon,609
Bohol,Batuan,Quirino,480
Bohol,Batuan,Rizal,1295
Bohol,Batuan,Rosariohan,929
Bohol,Batuan,Behind The Clouds (San Jose),234
Bohol,Batuan,Santa Cruz,1180
Bohol,Bilar,Bonifacio,260
Bohol,Bilar,Bugang Norte,632
Bohol,Bilar,Bugang Sur,918
Bohol,Bilar,Cabacnitan (Magsaysay),775
Bohol,Bilar,Cambigsi,618
Bohol,Bilar,Campagao,1339
Bohol,Bilar,Cansumbol,1189
Bohol,Bilar,Dagohoy,764
Bohol,Bilar,Owac,973
Bohol,Bilar,Poblacion,1588
Bohol,Bilar,Quezon,618
Bohol,Bilar,Riverside,1012
Bohol,Bilar,Rizal,425
Bohol,Bilar,Roxas,1159
Bohol,Bilar,Subayon,1303
Bohol,Bilar,Villa Aurora,737
Bohol,Bilar,Villa Suerte,232
Bohol,Bilar,Yanaya,1288
Bohol,Bilar,Zamora,1760
Bohol,Buenavista,Anonang,280
Bohol,Buenavista,Asinan,733
Bohol,Buenavista,Bago,557
Bohol,Buenavista,Baluarte,376
Bohol,Buenavista,Bantuan,632
Bohol,Buenavista,Bato,664
Bohol,Buenavista,Bonotbonot,779
Bohol,Buenavista,Bugaong,449
Bohol,Buenavista,Cambuhat,1125
Bohol,Buenavista,Cambus-Oc,718
Bohol,Buenavista,Cangawa,1160
Bohol,Buenavista,Cantomugcad,293
Bohol,Buenavista,Cantores,624
Bohol,Buenavista,Cantuba,993
Bohol,Buenavista,Catigbian,688
Bohol,Buenavista,Cawag,623
Bohol,Buenavista,Cruz,893
Bohol,Buenavista,Dait,981
Bohol,Buenavista,Eastern Cabul-An,2100
Bohol,Buenavista,Hunan,816
Bohol,Buenavista,Lapacan Norte,388
Bohol,Buenavista,Lapacan Sur,530
Bohol,Buenavista,Lubang,1044
Bohol,Buenavista,Lusong (Plateau),794
Bohol,Buenavista,Magkaya,701
Bohol,Buenavista,Merryland,262
Bohol,Buenavista,Nueva Granada,694
Bohol,Buenavista,Nueva Montana,653
Bohol,Buenavista,Overland,894
Bohol,Buenavista,Panghagban,1077
Bohol,Buenavista,Poblacion,923
Bohol,Buenavista,Puting Bato,540
Bohol,Buenavista,Rufo Hill,786
Bohol,Buenavista,Sweetland,725
Bohol,Buenavista,Western Cabul-An,1766
Bohol,Calape,Abucayan Norte,1402
Bohol,Calape,Abucayan Sur,912
Bohol,Calape,Banlasan,736
Bohol,Calape,Bentig,1949
Bohol,Calape,Binogawan,428
Bohol,Calape,Bonbon,1296
Bohol,Calape,Cabayugan,920
Bohol,Calape,Cabudburan,507
Bohol,Calape,Calunasan,718
Bohol,Calape,Camias,468
Bohol,Calape,Canguha,300
Bohol,Calape,Catmonan,1354
Bohol,Calape,Desamparados (Pob.),786
Bohol,Calape,Kahayag,530
Bohol,Calape,Kinabag-An,639
Bohol,Calape,Labuon,542
Bohol,Calape,Lawis,635
Bohol,Calape,Liboron,1453
Bohol,Calape,Lo-Oc,458
Bohol,Calape,Lomboy,488
Bohol,Calape,Lucob,1431
Bohol,Calape,Madangog,724
Bohol,Calape,Magtongtong,639
Bohol,Calape,Mandaug,1358
Bohol,Calape,Mantatao,849
Bohol,Calape,Sampoangon,407
Bohol,Calape,San Isidro,2195
Bohol,Calape,Santa Cruz (Pob.),2590
Bohol,Calape,Sojoton,491
Bohol,Calape,Talisay,470
Bohol,Calape,Tinibgan,685
Bohol,Calape,Tultugan,900
Bohol,Calape,Ulbujan,1603
Bohol,Candijay,Abihilan,1603
Bohol,Candijay,Anoling,1113
Bohol,Candijay,Boyo-An,1610
Bohol,Candijay,Cadapdapan,1273
Bohol,Candijay,Cambane,416
Bohol,Candijay,Can-Olin,2155
Bohol,Candijay,Canawa,1370
Bohol,Candijay,Cogtong,2605
Bohol,Candijay,La Union,1449
Bohol,Candijay,Luan,731
Bohol,Candijay,Lungsoda-An,1499
Bohol,Candijay,Mahangin,891
Bohol,Candijay,Pagahat,430
Bohol,Candijay,Panadtaran,940
Bohol,Candijay,Panas,1675
Bohol,Candijay,Poblacion,3421
Bohol,Candijay,San Isidro,1124
Bohol,Candijay,Tambongan,1542
Bohol,Candijay,Tawid,1090
Bohol,Candijay,Tugas,1650
Bohol,Candijay,Tubod (Tres Rosas),888
Bohol,Carmen,Alegria,1253
Bohol,Carmen,Bicao,2546
Bohol,Carmen,Buenavista,2605
Bohol,Carmen,Buenos Aires,1407
Bohol,Carmen,Calatrava,1974
Bohol,Carmen,El Progreso,890
Bohol,Carmen,El Salvador,566
Bohol,Carmen,Guadalupe,2080
Bohol,Carmen,Katipunan,3027
Bohol,Carmen,La Libertad,804
Bohol,Carmen,La Paz,1480
Bohol,Carmen,La Salvacion,1053
Bohol,Carmen,La Victoria,1202
Bohol,Carmen,Matin-Ao,882
Bohol,Carmen,Montehermoso,874
Bohol,Carmen,Montesuerte,2670
Bohol,Carmen,Montesunting,915
Bohol,Carmen,Montevideo,1295
Bohol,Carmen,Nueva Fuerza,2433
Bohol,Carmen,Nueva Vida Este,884
Bohol,Carmen,Nueva Vida Sur,909
Bohol,Carmen,Nueva Vida Norte,967
Bohol,Carmen,Poblacion Norte,3224
Bohol,Carmen,Poblacion Sur,3279
Bohol,Carmen,Tambo-An,1301
Bohol,Carmen,Vallehermoso,1761
Bohol,Carmen,Villaflor,904
Bohol,Carmen,Villafuerte,1231
Bohol,Carmen,Villarcayo,1890
Bohol,Catigbian,Alegria,1248
Bohol,Catigbian,Ambuan,1150
Bohol,Catigbian,Baang,1442
Bohol,Catigbian,Bagtic,1055
Bohol,Catigbian,Bongbong,565
Bohol,Catigbian,Cambailan,759
Bohol,Catigbian,Candumayao,1600
Bohol,Catigbian,Kang-Iras,724
Bohol,Catigbian,Causwagan Norte,1763
Bohol,Catigbian,Hagbuaya,906
Bohol,Catigbian,Haguilanan,1094
Bohol,Catigbian,Libertad Sur,326
Bohol,Catigbian,Liboron,954
Bohol,Catigbian,Mahayag Norte,551
Bohol,Catigbian,Mahayag Sur,277
Bohol,Catigbian,Maitum,896
Bohol,Catigbian,Mantasida,1001
Bohol,Catigbian,Poblacion,1848
Bohol,Catigbian,Rizal,700
Bohol,Catigbian,Sinakayanan,913
Bohol,Catigbian,Triple Union,1149
Bohol,Catigbian,Poblacion Weste,1754
Bohol,Clarin,Bacani,1185
Bohol,Clarin,Bogtongbod,1428
Bohol,Clarin,Bonbon,1427
Bohol,Clarin,Bontud,497
Bohol,Clarin,Buacao,644
Bohol,Clarin,Buangan,824
Bohol,Clarin,Cabog,839
Bohol,Clarin,Caboy,569
Bohol,Clarin,Caluwasan,255
Bohol,Clarin,Candajec,1061
Bohol,Clarin,Cantoyoc,346
Bohol,Clarin,Comaang,498
Bohol,Clarin,Danahao,693
Bohol,Clarin,Katipunan,301
Bohol,Clarin,Lajog,1262
Bohol,Clarin,Mataub,632
Bohol,Clarin,Nahawan,2202
Bohol,Clarin,Poblacion Centro,1285
Bohol,Clarin,Poblacion Norte,831
Bohol,Clarin,Poblacion Sur,1246
Bohol,Clarin,Tangaran,776
Bohol,Clarin,Tontunan,593
Bohol,Clarin,Tubod,484
Bohol,Clarin,Villaflor,423
Bohol,Corella,Anislag,1434
Bohol,Corella,Canangca-An,952
Bohol,Corella,Canapnapan,902
Bohol,Corella,Cancatac,943
Bohol,Corella,Pandol,713
Bohol,Corella,Poblacion,1260
Bohol,Corella,Sambog,1498
Bohol,Corella,Tanday,777
Bohol,Cortes,De La Paz,2824
Bohol,Cortes,Fatima,1105
Bohol,Cortes,Loreto,1504
Bohol,Cortes,Lourdes,1808
Bohol,Cortes,Malayo Norte,1418
Bohol,Cortes,Malayo Sur,658
Bohol,Cortes,Monserrat,471
Bohol,Cortes,New Lourdes,977
Bohol,Cortes,Patrocinio,741
Bohol,Cortes,Poblacion,1367
Bohol,Cortes,Rosario,734
Bohol,Cortes,Salvador,1208
Bohol,Cortes,San Roque,1091
Bohol,Cortes,Upper De La Paz,1048
Bohol,Dagohoy,Babag,1278
Bohol,Dagohoy,Can-Oling,985
Bohol,Dagohoy,Candelaria,1057
Bohol,Dagohoy,Estaca,537
Bohol,Dagohoy,Cagawasan,948
Bohol,Dagohoy,Cagawitan,665
Bohol,Dagohoy,Caluasan,1892
Bohol,Dagohoy,La Esperanza,997
Bohol,Dagohoy,Mahayag,987
Bohol,Dagohoy,Malitbog,1633
Bohol,Dagohoy,Poblacion,2692
Bohol,Dagohoy,San Miguel,2754
Bohol,Dagohoy,San Vicente,1386
Bohol,Dagohoy,Santa Cruz,891
Bohol,Dagohoy,Villa Aurora,456
Bohol,Danao,Cabatuan,1428
Bohol,Danao,Cantubod,1061
Bohol,Danao,Carbon,384
Bohol,Danao,Concepcion,1566
Bohol,Danao,Dagohoy,659
Bohol,Danao,Hibale,843
Bohol,Danao,Magtangtang,1256
Bohol,Danao,Nahud,966
Bohol,Danao,Poblacion,3434
Bohol,Danao,Remedios,1288
Bohol,Danao,San Carlos,1170
Bohol,Danao,San Miguel,559
Bohol,Danao,Santa Fe,567
Bohol,Danao,Santo Niño,719
Bohol,Danao,Tabok,946
Bohol,Danao,Taming,932
Bohol,Danao,Villa Anunciado,112
Bohol,Dauis,Biking,3428
Bohol,Dauis,Bingag,4436
Bohol,Dauis,San Isidro (Canlongon),1330
Bohol,Dauis,Catarman,4749
Bohol,Dauis,Dao,1514
Bohol,Dauis,Mayacabac,3934
Bohol,Dauis,Poblacion,3074
Bohol,Dauis,Songculan,4375
Bohol,Dauis,Tabalong,5375
Bohol,Dauis,Tinago,2753
Bohol,Dauis,Totolan,7031
Bohol,Dauis,Mariveles,3664
Bohol,Dimiao,Abihid,343
Bohol,Dimiao,Alemania,167
Bohol,Dimiao,Baguhan,334
Bohol,Dimiao,Bakilid,164
Bohol,Dimiao,Balbalan,278
Bohol,Dimiao,Banban,520
Bohol,Dimiao,Bauhugan,316
Bohol,Dimiao,Bilisan,164
Bohol,Dimiao,Cabagakian,545
Bohol,Dimiao,Cabanbanan,352
Bohol,Dimiao,Cadap-Agan,469
Bohol,Dimiao,Cambacol,256
Bohol,Dimiao,Cambayaon,415
Bohol,Dimiao,Canhayupon,661
Bohol,Dimiao,Canlambong,477
Bohol,Dimiao,Casingan,199
Bohol,Dimiao,Catugasan,267
Bohol,Dimiao,Datag,241
Bohol,Dimiao,Guindaguitan,437
Bohol,Dimiao,Guingoyuran,514
Bohol,Dimiao,Ile,254
Bohol,Dimiao,Lapsaon,424
Bohol,Dimiao,Limokon Ilaod,526
Bohol,Dimiao,Limokon Ilaya,654
Bohol,Dimiao,Luyo,836
Bohol,Dimiao,Malijao,295
Bohol,Dimiao,Oac,732
Bohol,Dimiao,Pagsa,332
Bohol,Dimiao,Pangihawan,187
Bohol,Dimiao,Sawang,514
Bohol,Dimiao,Puangyuta,312
Bohol,Dimiao,Tangohay,671
Bohol,Dimiao,Taongon Cabatuan,533
Bohol,Dimiao,Tawid Bitaog,292
Bohol,Dimiao,Taongon Can-Andam,683
Bohol,Duero,Alejawan,773
Bohol,Duero,Angilan,514
Bohol,Duero,Anibongan,479
Bohol,Duero,Bangwalog,1358
Bohol,Duero,Cansuhay,789
Bohol,Duero,Danao,646
Bohol,Duero,Duay,482
Bohol,Duero,Guinsularan,1689
Bohol,Duero,Itum,1135
Bohol,Duero,Langkis,980
Bohol,Duero,Lobogon,1338
Bohol,Duero,Madua Norte,515
Bohol,Duero,Madua Sur,731
Bohol,Duero,Mambool,607
Bohol,Duero,Mawi,523
Bohol,Duero,Payao,639
Bohol,Duero,San Antonio (Pob.),1181
Bohol,Duero,San Isidro,816
Bohol,Duero,San Pedro,1467
Bohol,Duero,Imelda,603
Bohol,Duero,Taytay,611
Bohol,Garcia Hernandez,Abijilan,1411
Bohol,Garcia Hernandez,Antipolo,613
Bohol,Garcia Hernandez,Basiao,532
Bohol,Garcia Hernandez,Cagwang,351
Bohol,Garcia Hernandez,Calma,759
Bohol,Garcia Hernandez,Cambuyo,638
Bohol,Garcia Hernandez,Canayaon East,925
Bohol,Garcia Hernandez,Canayaon West,965
Bohol,Garcia Hernandez,Candanas,765
Bohol,Garcia Hernandez,Candulao,459
Bohol,Garcia Hernandez,Catmon,277
Bohol,Garcia Hernandez,Cayam,1410
Bohol,Garcia Hernandez,Cupa,218
Bohol,Garcia Hernandez,Datag,1268
Bohol,Garcia Hernandez,Estaca,203
Bohol,Garcia Hernandez,Libertad,436
Bohol,Garcia Hernandez,Lungsodaan East,1114
Bohol,Garcia Hernandez,Lungsodaan West,1105
Bohol,Garcia Hernandez,Malinao,1338
Bohol,Garcia Hernandez,Manaba,1723
Bohol,Garcia Hernandez,Pasong,1101
Bohol,Garcia Hernandez,Poblacion East,1370
Bohol,Garcia Hernandez,Poblacion West,906
Bohol,Garcia Hernandez,Sacaon,629
Bohol,Garcia Hernandez,Sampong,243
Bohol,Garcia Hernandez,Tabuan,1318
Bohol,Garcia Hernandez,Togbongon,324
Bohol,Garcia Hernandez,Ulbujan East,690
Bohol,Garcia Hernandez,Ulbujan West,831
Bohol,Garcia Hernandez,Victoria,272
Bohol,Guindulman,Basdio,1887
Bohol,Guindulman,Bato,1262
Bohol,Guindulman,Bayong,1300
Bohol,Guindulman,Biabas,1314
Bohol,Guindulman,Bulawan,1008
Bohol,Guindulman,Cabantian,1549
Bohol,Guindulman,Canhaway,3071
Bohol,Guindulman,Cansiwang,851
Bohol,Guindulman,Casbu,960
Bohol,Guindulman,Catungawan Sur,2095
Bohol,Guindulman,Catungawan Norte,977
Bohol,Guindulman,Guinacot,1828
Bohol,Guindulman,Guio-Ang,2858
Bohol,Guindulman,Lombog,1956
Bohol,Guindulman,Mayuga,2448
Bohol,Guindulman,Sawang (Pob.),1837
Bohol,Guindulman,Tabajan (Pob.),2530
Bohol,Guindulman,Tabunok,711
Bohol,Guindulman,Trinidad,1966
Bohol,Inabanga,Anonang,748
Bohol,Inabanga,Bahan,651
Bohol,Inabanga,Badiang,1085
Bohol,Inabanga,Baguhan,501
Bohol,Inabanga,Banahao,760
Bohol,Inabanga,Baogo,1226
Bohol,Inabanga,Bugang,810
Bohol,Inabanga,Cagawasan,1452
Bohol,Inabanga,Cagayan,429
Bohol,Inabanga,Cambitoon,1132
Bohol,Inabanga,Canlinte,276
Bohol,Inabanga,Cawayan,969
Bohol,Inabanga,Cogon,820
Bohol,Inabanga,Cuaming,2951
Bohol,Inabanga,Dagnawan,630
Bohol,Inabanga,Dagohoy,1540
Bohol,Inabanga,Dait Sur,778
Bohol,Inabanga,Datag,661
Bohol,Inabanga,Fatima,861
Bohol,Inabanga,Hambongan,666
Bohol,Inabanga,Ilaud (Pob.),861
Bohol,Inabanga,Ilaya,414
Bohol,Inabanga,Ilihan,414
Bohol,Inabanga,Lapacan Norte,396
Bohol,Inabanga,Lapacan Sur,1187
Bohol,Inabanga,Lawis,1297
Bohol,Inabanga,Liloan Norte,1492
Bohol,Inabanga,Liloan Sur,1165
Bohol,Inabanga,Lomboy,591
Bohol,Inabanga,Lonoy Cainsican,696
Bohol,Inabanga,Lonoy Roma,581
Bohol,Inabanga,Lutao,1199
Bohol,Inabanga,Luyo,822
Bohol,Inabanga,Mabuhay,449
Bohol,Inabanga,Maria Rosario,764
Bohol,Inabanga,Nabuad,1998
Bohol,Inabanga,Napo,728
Bohol,Inabanga,Ondol,1107
Bohol,Inabanga,Poblacion,966
Bohol,Inabanga,Riverside,0
Bohol,Inabanga,Saa,619
Bohol,Inabanga,San Isidro,844
Bohol,Inabanga,San Jose,2116
Bohol,Inabanga,Santo Niño,686
Bohol,Inabanga,Santo Rosario,1117
Bohol,Inabanga,Sua,709
Bohol,Inabanga,Tambook,464
Bohol,Inabanga,Tungod,1184
Bohol,Inabanga,U-Og,957
Bohol,Inabanga,Ubujan,1111
Bohol,Jagna,Alejawan,817
Bohol,Jagna,Balili,1233
Bohol,Jagna,Boctol,1103
Bohol,Jagna,Buyog,344
Bohol,Jagna,Bunga Ilaya,994
Bohol,Jagna,Bunga Mar,1459
Bohol,Jagna,Cabunga-An,1344
Bohol,Jagna,Calabacita,1419
Bohol,Jagna,Cambugason,1071
Bohol,Jagna,Can-Ipol,505
Bohol,Jagna,Canjulao,2870
Bohol,Jagna,Cantagay,915
Bohol,Jagna,Cantuyoc,830
Bohol,Jagna,Can-Uba,378
Bohol,Jagna,Can-Upao,2067
Bohol,Jagna,Faraon,581
Bohol,Jagna,Ipil,321
Bohol,Jagna,Kinagbaan,466
Bohol,Jagna,Laca,257
Bohol,Jagna,Larapan,778
Bohol,Jagna,Lonoy,1286
Bohol,Jagna,Looc,740
Bohol,Jagna,Malbog,1078
Bohol,Jagna,Mayana,2235
Bohol,Jagna,Naatang,583
Bohol,Jagna,Nausok,349
Bohol,Jagna,Odiong,979
Bohol,Jagna,Pagina,1297
Bohol,Jagna,Pangdan,1177
Bohol,Jagna,Poblacion (Pondol),885
Bohol,Jagna,Tejero,1440
Bohol,Jagna,Tubod Mar,538
Bohol,Jagna,Tubod Monte,1553
Bohol,Jetafe,Alumar,1164
Bohol,Jetafe,Banacon,1298
Bohol,Jetafe,Buyog,906
Bohol,Jetafe,Cabasakan,1179
Bohol,Jetafe,Campao Occidental,484
Bohol,Jetafe,Campao Oriental,1034
Bohol,Jetafe,Cangmundo,972
Bohol,Jetafe,Carlos P. Garcia,994
Bohol,Jetafe,Corte Baud,868
Bohol,Jetafe,Handumon,1172
Bohol,Jetafe,Jagoliao,1353
Bohol,Jetafe,Jandayan Norte,963
Bohol,Jetafe,Jandayan Sur,1538
Bohol,Jetafe,Mahanay (Mahanay Island),538
Bohol,Jetafe,Nasingin,2045
Bohol,Jetafe,Pandanon,2228
Bohol,Jetafe,Poblacion,2695
Bohol,Jetafe,Saguise,1652
Bohol,Jetafe,Salog,1195
Bohol,Jetafe,San Jose,1729
Bohol,Jetafe,Santo Niño,768
Bohol,Jetafe,Taytay,1536
Bohol,Jetafe,Tugas,886
Bohol,Jetafe,Tulang,1758
Bohol,Lila,Banban,967
Bohol,Lila,Bonkokan Ilaya,660
Bohol,Lila,Bonkokan Ubos,788
Bohol,Lila,Calvario,959
Bohol,Lila,Candulang,384
Bohol,Lila,Catugasan,408
Bohol,Lila,Cayupo,223
Bohol,Lila,Cogon,480
Bohol,Lila,Jambawan,605
Bohol,Lila,La Fortuna,700
Bohol,Lila,Lomanoy,591
Bohol,Lila,Macalingan,568
Bohol,Lila,Malinao East,842
Bohol,Lila,Malinao West,230
Bohol,Lila,Nagsulay,1070
Bohol,Lila,Poblacion,1195
Bohol,Lila,Taug,642
Bohol,Lila,Tiguis,945
Bohol,Loay,Agape,641
Bohol,Loay,Alegria Norte,300
Bohol,Loay,Alegria Sur,997
Bohol,Loay,Bonbon,282
Bohol,Loay,Botoc Occidental,619
Bohol,Loay,Botoc Oriental,644
Bohol,Loay,Calvario,828
Bohol,Loay,Concepcion,691
Bohol,Loay,Hinawanan,414
Bohol,Loay,Las Salinas Norte,272
Bohol,Loay,Las Salinas Sur,774
Bohol,Loay,Palo,397
Bohol,Loay,Poblacion Ibabao,1231
Bohol,Loay,Poblacion Ubos,700
Bohol,Loay,Sagnap,506
Bohol,Loay,Tambangan,778
Bohol,Loay,Tangcasan Norte,729
Bohol,Loay,Tangcasan Sur,846
Bohol,Loay,Tayong Occidental,511
Bohol,Loay,Tayong Oriental,963
Bohol,Loay,Tocdog Dacu,677
Bohol,Loay,Tocdog Ilaya,415
Bohol,Loay,Villalimpia,1697
Bohol,Loay,Yanangan,779
Bohol,Loboc,Agape,579
Bohol,Loboc,Alegria,586
Bohol,Loboc,Bagumbayan,610
Bohol,Loboc,Bahian,503
Bohol,Loboc,Bonbon Lower,235
Bohol,Loboc,Bonbon Upper,631
Bohol,Loboc,Buenavista,334
Bohol,Loboc,Bugho,565
Bohol,Loboc,Cabadiangan,260
Bohol,Loboc,Calunasan Norte,674
Bohol,Loboc,Calunasan Sur,392
Bohol,Loboc,Camayaan,1011
Bohol,Loboc,Cambance,307
Bohol,Loboc,Candabong,728
Bohol,Loboc,Candasag,211
Bohol,Loboc,Canlasid,295
Bohol,Loboc,Gon-Ob,271
Bohol,Loboc,Gotozon,870
Bohol,Loboc,Jimilian,1170
Bohol,Loboc,Oy,1302
Bohol,Loboc,Poblacion Sawang,598
Bohol,Loboc,Poblacion Ondol,796
Bohol,Loboc,Quinoguitan,502
Bohol,Loboc,Taytay,245
Bohol,Loboc,Tigbao,826
Bohol,Loboc,Ugpong,335
Bohol,Loboc,Valladolid,445
Bohol,Loboc,Villaflor,712
Bohol,Loon,Agsoso,298
Bohol,Loon,Badbad Occidental,347
Bohol,Loon,Badbad Oriental,471
Bohol,Loon,Bagacay Katipunan,179
Bohol,Loon,Bagacay Kawayan,373
Bohol,Loon,Bagacay Saong,163
Bohol,Loon,Bahi,446
Bohol,Loon,Basac,1490
Bohol,Loon,Basdacu,912
Bohol,Loon,Basdio,541
Bohol,Loon,Biasong,323
Bohol,Loon,Bongco,415
Bohol,Loon,Bugho,243
Bohol,Loon,Cabacongan,977
Bohol,Loon,Cabadug,276
Bohol,Loon,Cabug,213
Bohol,Loon,Calayugan Norte,704
Bohol,Loon,Calayugan Sur,503
Bohol,Loon,Canmaag,405
Bohol,Loon,Cambaquiz,828
Bohol,Loon,Campatud,415
Bohol,Loon,Candaigan,425
Bohol,Loon,Canhangdon Occidental,836
Bohol,Loon,Canhangdon Oriental,550
Bohol,Loon,Canigaan,770
Bohol,Loon,Canmanoc,289
Bohol,Loon,Cansuagwit,356
Bohol,Loon,Cansubayon,474
Bohol,Loon,Catagbacan Handig,1063
Bohol,Loon,Catagbacan Norte,1267
Bohol,Loon,Catagbacan Sur,1070
Bohol,Loon,Cantam-Is Bago,236
Bohol,Loon,Cantaongon,1010
Bohol,Loon,Cantumocad,848
Bohol,Loon,Cantam-Is Baslay,371
Bohol,Loon,Cogon Norte (Pob.),2020
Bohol,Loon,Cogon Sur,430
Bohol,Loon,Cuasi,1150
Bohol,Loon,Genomoan,312
Bohol,Loon,Lintuan,941
Bohol,Loon,Looc,839
Bohol,Loon,Mocpoc Norte,743
Bohol,Loon,Mocpoc Sur,565
Bohol,Loon,Nagtuang,578
Bohol,Loon,Napo (Pob.),1394
Bohol,Loon,Nueva Vida,294
Bohol,Loon,Panangquilon,453
Bohol,Loon,Pantudlan,841
Bohol,Loon,Pig-Ot,694
Bohol,Loon,Moto Norte (Pob.),1285
Bohol,Loon,Moto Sur (Pob.),1283
Bohol,Loon,Pondol,1593
Bohol,Loon,Quinobcoban,176
Bohol,Loon,Sondol,692
Bohol,Loon,Song-On,686
Bohol,Loon,Talisay,1178
Bohol,Loon,Tan-Awan,119
Bohol,Loon,Tangnan,857
Bohol,Loon,Taytay,323
Bohol,Loon,Ticugan,381
Bohol,Loon,Tiwi,144
Bohol,Loon,Tontonan,696
Bohol,Loon,Tubodacu,415
Bohol,Loon,Tubodio,241
Bohol,Loon,Tubuan,317
Bohol,Loon,Ubayon,707
Bohol,Loon,Ubojan,600
Bohol,Mabini,Abaca,2413
Bohol,Mabini,Abad Santos,567
Bohol,Mabini,Aguipo,1231
Bohol,Mabini,Concepcion (Banlas),1215
Bohol,Mabini,Baybayon,1314
Bohol,Mabini,Bulawan,533
Bohol,Mabini,Cabidian,903
Bohol,Mabini,Cawayanan,1568
Bohol,Mabini,Del Mar,833
Bohol,Mabini,Lungsoda-An,1081
Bohol,Mabini,Marcelo,918
Bohol,Mabini,Minol,1399
Bohol,Mabini,Paraiso,821
Bohol,Mabini,Poblacion I,1405
Bohol,Mabini,Poblacion Ii,1675
Bohol,Mabini,San Isidro,1638
Bohol,Mabini,San Jose,1403
Bohol,Mabini,San Rafael,683
Bohol,Mabini,San Roque (Cabulao),2548
Bohol,Mabini,Tambo,874
Bohol,Mabini,Tangkigan,1350
Bohol,Mabini,Valaga,799
Bohol,Maribojoc,San Roque (Aghao),1256
Bohol,Maribojoc,Agahay,625
Bohol,Maribojoc,Aliguay,971
Bohol,Maribojoc,Anislag,988
Bohol,Maribojoc,Bayacabac,1835
Bohol,Maribojoc,Bood,426
Bohol,Maribojoc,Busao,537
Bohol,Maribojoc,Cabawan,1626
Bohol,Maribojoc,Candavid,498
Bohol,Maribojoc,Dipatlong,1495
Bohol,Maribojoc,Guiwanon,532
Bohol,Maribojoc,Jandig,1032
Bohol,Maribojoc,Lagtangon,232
Bohol,Maribojoc,Lincod,1726
Bohol,Maribojoc,Pagnitoan,630
Bohol,Maribojoc,Poblacion,2103
Bohol,Maribojoc,Punsod,657
Bohol,Maribojoc,Punta Cruz,737
Bohol,Maribojoc,San Isidro,605
Bohol,Maribojoc,San Vicente,1097
Bohol,Maribojoc,Tinibgan,576
Bohol,Maribojoc,Toril,504
Bohol,Panglao,Bil-Isan,3649
Bohol,Panglao,Bolod,1906
Bohol,Panglao,Danao,4935
Bohol,Panglao,Doljo,3417
Bohol,Panglao,Libaong,2132
Bohol,Panglao,Looc,2543
Bohol,Panglao,Lourdes,1544
Bohol,Panglao,Poblacion,5305
Bohol,Panglao,Tangnan,3645
Bohol,Panglao,Tawala,4477
Bohol,Pilar,Aurora,431
Bohol,Pilar,Bagacay,862
Bohol,Pilar,Bagumbayan,1908
Bohol,Pilar,Bayong,1432
Bohol,Pilar,Buenasuerte,1894
Bohol,Pilar,Cagawasan,1079
Bohol,Pilar,Cansungay,820
Bohol,Pilar,Catagda-An,1492
Bohol,Pilar,Del Pilar,898
Bohol,Pilar,Estaca,2924
Bohol,Pilar,Ilaud,764
Bohol,Pilar,Inaghuban,1062
Bohol,Pilar,La Suerte,726
Bohol,Pilar,Lumbay,1212
Bohol,Pilar,Lundag,789
Bohol,Pilar,Pamacsalan,656
Bohol,Pilar,Poblacion,2890
Bohol,Pilar,Rizal,1425
Bohol,Pilar,San Carlos,679
Bohol,Pilar,San Isidro,2506
Bohol,Pilar,San Vicente,807
Bohol,Pres. Carlos P. Garcia (Pitogo),Aguining,2175
Bohol,Pres. Carlos P. Garcia (Pitogo),Basiao,898
Bohol,Pres. Carlos P. Garcia (Pitogo),Baud,633
Bohol,Pres. Carlos P. Garcia (Pitogo),Bayog,304
Bohol,Pres. Carlos P. Garcia (Pitogo),Bogo,1128
Bohol,Pres. Carlos P. Garcia (Pitogo),Bonbonon,1296
Bohol,Pres. Carlos P. Garcia (Pitogo),Canmangao,939
Bohol,Pres. Carlos P. Garcia (Pitogo),Campamanog,1607
Bohol,Pres. Carlos P. Garcia (Pitogo),Gaus,1202
Bohol,Pres. Carlos P. Garcia (Pitogo),Kabangkalan,456
Bohol,Pres. Carlos P. Garcia (Pitogo),Lapinig,896
Bohol,Pres. Carlos P. Garcia (Pitogo),Lipata,595
Bohol,Pres. Carlos P. Garcia (Pitogo),Poblacion,2745
Bohol,Pres. Carlos P. Garcia (Pitogo),Popoo,985
Bohol,Pres. Carlos P. Garcia (Pitogo),Saguise,715
Bohol,Pres. Carlos P. Garcia (Pitogo),San Jose (Tawid),1186
Bohol,Pres. Carlos P. Garcia (Pitogo),Santo Rosario,322
Bohol,Pres. Carlos P. Garcia (Pitogo),Tilmobo,202
Bohol,Pres. Carlos P. Garcia (Pitogo),Tugas,723
Bohol,Pres. Carlos P. Garcia (Pitogo),Tugnao,1311
Bohol,Pres. Carlos P. Garcia (Pitogo),Villa Milagrosa,1422
Bohol,Pres. Carlos P. Garcia (Pitogo),Butan,569
Bohol,Pres. Carlos P. Garcia (Pitogo),San Vicente,1047
Bohol,Sagbayan (Borja),Calangahan,957
Bohol,Sagbayan (Borja),Canmano,947
Bohol,Sagbayan (Borja),Canmaya Centro,1448
Bohol,Sagbayan (Borja),Canmaya Diot,1221
Bohol,Sagbayan (Borja),Dagnawan,842
Bohol,Sagbayan (Borja),Kabasacan,539
Bohol,Sagbayan (Borja),Kagawasan,376
Bohol,Sagbayan (Borja),Katipunan,591
Bohol,Sagbayan (Borja),Langtad,530
Bohol,Sagbayan (Borja),Libertad Norte,353
Bohol,Sagbayan (Borja),Libertad Sur,117
Bohol,Sagbayan (Borja),Mantalongon,952
Bohol,Sagbayan (Borja),Poblacion,4154
Bohol,Sagbayan (Borja),Sagbayan Sur,1170
Bohol,Sagbayan (Borja),San Agustin,1037
Bohol,Sagbayan (Borja),San Antonio,966
Bohol,Sagbayan (Borja),San Isidro,882
Bohol,Sagbayan (Borja),San Ramon,563
Bohol,Sagbayan (Borja),San Roque,434
Bohol,Sagbayan (Borja),San Vicente Norte,789
Bohol,Sagbayan (Borja),San Vicente Sur,302
Bohol,Sagbayan (Borja),Santa Catalina,1136
Bohol,Sagbayan (Borja),Santa Cruz,920
Bohol,Sagbayan (Borja),Ubojan,1113
Bohol,San Isidro,Abehilan,620
Bohol,San Isidro,Baunos,432
Bohol,San Isidro,Cabanugan,949
Bohol,San Isidro,Caimbang,638
Bohol,San Isidro,Cambansag,718
Bohol,San Isidro,Candungao,922
Bohol,San Isidro,Cansague Norte,404
Bohol,San Isidro,Cansague Sur,581
Bohol,San Isidro,Causwagan Sur,580
Bohol,San Isidro,Masonoy,473
Bohol,San Isidro,Poblacion,2135
Bohol,San Isidro,Baryong Daan,292
Bohol,San Miguel,Bayongan,2281
Bohol,San Miguel,Bugang,1287
Bohol,San Miguel,Cabangahan,671
Bohol,San Miguel,Kagawasan,1242
Bohol,San Miguel,Camanaga,1648
Bohol,San Miguel,Cambangay Norte,1635
Bohol,San Miguel,Capayas,1032
Bohol,San Miguel,Corazon,2037
Bohol,San Miguel,Garcia,619
Bohol,San Miguel,Hagbuyo,1254
Bohol,San Miguel,Caluasan,550
Bohol,San Miguel,Mahayag,2411
Bohol,San Miguel,Poblacion,2459
Bohol,San Miguel,San Isidro,1649
Bohol,San Miguel,San Jose,823
Bohol,San Miguel,San Vicente,750
Bohol,San Miguel,Santo Niño,721
Bohol,San Miguel,Tomoc,1066
Bohol,Sevilla,Bayawahan,886
Bohol,Sevilla,Cabancalan,716
Bohol,Sevilla,Calinga-An,636
Bohol,Sevilla,Calinginan Norte,734
Bohol,Sevilla,Calinginan Sur,593
Bohol,Sevilla,Cambagui,1082
Bohol,Sevilla,Ewon,804
Bohol,Sevilla,Guinob-An,683
Bohol,Sevilla,Lagtangan,712
Bohol,Sevilla,Licolico,871
Bohol,Sevilla,Lobgob,797
Bohol,Sevilla,Magsaysay,1244
Bohol,Sevilla,Poblacion,903
Bohol,Sierra Bullones,Abachanan,2018
Bohol,Sierra Bullones,Anibongan,698
Bohol,Sierra Bullones,Bugsoc,2542
Bohol,Sierra Bullones,Canlangit,1423
Bohol,Sierra Bullones,Canta-Ub,373
Bohol,Sierra Bullones,Casilay,385
Bohol,Sierra Bullones,Danicop,946
Bohol,Sierra Bullones,Dusita,621
Bohol,Sierra Bullones,Cahayag,479
Bohol,Sierra Bullones,La Union,644
Bohol,Sierra Bullones,Lataban,597
Bohol,Sierra Bullones,Magsaysay,591
Bohol,Sierra Bullones,Matin-Ao,1304
Bohol,Sierra Bullones,Man-Od,1134
Bohol,Sierra Bullones,Poblacion,2782
Bohol,Sierra Bullones,Salvador,1741
Bohol,Sierra Bullones,San Agustin,1083
Bohol,Sierra Bullones,San Isidro,1387
Bohol,Sierra Bullones,San Jose,888
Bohol,Sierra Bullones,San Juan,960
Bohol,Sierra Bullones,Santa Cruz,924
Bohol,Sierra Bullones,Villa Garcia,1225
Bohol,Sikatuna,Abucay Norte,516
Bohol,Sikatuna,Abucay Sur,666
Bohol,Sikatuna,Badiang,599
Bohol,Sikatuna,Bahaybahay,430
Bohol,Sikatuna,Cambuac Norte,688
Bohol,Sikatuna,Cambuac Sur,1174
Bohol,Sikatuna,Canagong,635
Bohol,Sikatuna,Libjo,480
Bohol,Sikatuna,Poblacion I,1141
Bohol,Sikatuna,Poblacion Ii,397
Bohol,Tagbilaran City (Capital),Bool,6132
Bohol,Tagbilaran City (Capital),Booy,9838
Bohol,Tagbilaran City (Capital),Cabawan,1734
Bohol,Tagbilaran City (Capital),Cogon,17750
Bohol,Tagbilaran City (Capital),Dao,8858
Bohol,Tagbilaran City (Capital),Dampas,9838
Bohol,Tagbilaran City (Capital),Manga,7224
Bohol,Tagbilaran City (Capital),Mansasa,6069
Bohol,Tagbilaran City (Capital),Poblacion I,3057
Bohol,Tagbilaran City (Capital),Poblacion Ii,5431
Bohol,Tagbilaran City (Capital),Poblacion Iii,5873
Bohol,Tagbilaran City (Capital),San Isidro,5424
Bohol,Tagbilaran City (Capital),Taloto,7367
Bohol,Tagbilaran City (Capital),Tiptip,4882
Bohol,Tagbilaran City (Capital),Ubujan,5574
Bohol,Talibon,Bagacay,3561
Bohol,Talibon,Balintawak,1586
Bohol,Talibon,Burgos,1022
Bohol,Talibon,Busalian,2135
Bohol,Talibon,Calituban,4145
Bohol,Talibon,Cataban,1348
Bohol,Talibon,Guindacpan,2216
Bohol,Talibon,Magsaysay,1446
Bohol,Talibon,Mahanay,1806
Bohol,Talibon,Nocnocan,1913
Bohol,Talibon,Poblacion,4333
Bohol,Talibon,Rizal,1452
Bohol,Talibon,Sag,908
Bohol,Talibon,San Agustin,4747
Bohol,Talibon,San Carlos,1607
Bohol,Talibon,San Francisco,6062
Bohol,Talibon,San Isidro,4371
Bohol,Talibon,San Jose,6151
Bohol,Talibon,San Pedro,1670
Bohol,Talibon,San Roque,2891
Bohol,Talibon,Santo Niño,4060
Bohol,Talibon,Sikatuna,1731
Bohol,Talibon,Suba,1957
Bohol,Talibon,Tanghaligue,2170
Bohol,Talibon,Zamora,1681
Bohol,Trinidad,Banlasan,1193
Bohol,Trinidad,Bongbong,1171
Bohol,Trinidad,Catoogan,967
Bohol,Trinidad,Guinobatan,2038
Bohol,Trinidad,Hinlayagan Ilaud,1134
Bohol,Trinidad,Hinlayagan Ilaya,2175
Bohol,Trinidad,Kauswagan,2401
Bohol,Trinidad,Kinan-Oan,1462
Bohol,Trinidad,La Union,1995
Bohol,Trinidad,La Victoria,1611
Bohol,Trinidad,Mabuhay Cabigohan,1211
Bohol,Trinidad,Mahagbu,1161
Bohol,Trinidad,Manuel M. Roxas,1138
Bohol,Trinidad,Poblacion,3576
Bohol,Trinidad,San Isidro,501
Bohol,Trinidad,San Vicente,1958
Bohol,Trinidad,Santo Tomas,1100
Bohol,Trinidad,Soom,1991
Bohol,Trinidad,Tagum Norte,1614
Bohol,Trinidad,Tagum Sur,1559
Bohol,Tubigon,Bagongbanwa,1043
Bohol,Tubigon,Bunacan,959
Bohol,Tubigon,Banlasan,891
Bohol,Tubigon,Batasan (Batasan Island),852
Bohol,Tubigon,Bilangbilangan (Bilangbilangan Island),444
Bohol,Tubigon,Bosongon,1295
Bohol,Tubigon,Buenos Aires,1101
Bohol,Tubigon,Cabulihan,2477
Bohol,Tubigon,Cahayag,1243
Bohol,Tubigon,Cawayanan,1507
Bohol,Tubigon,Centro (Pob.),2471
Bohol,Tubigon,Genonocan,688
Bohol,Tubigon,Guiwanon,1261
Bohol,Tubigon,Ilihan Norte,1384
Bohol,Tubigon,Ilihan Sur,657
Bohol,Tubigon,Libertad,1178
Bohol,Tubigon,Macaas,2391
Bohol,Tubigon,Mocaboc Island,624
Bohol,Tubigon,Matabao,1090
Bohol,Tubigon,Panadtaran,864
Bohol,Tubigon,Panaytayon,2230
Bohol,Tubigon,Pandan,1214
Bohol,Tubigon,Pangapasan (Pangapasan Island),514
Bohol,Tubigon,Pinayagan Norte,2212
Bohol,Tubigon,Pinayagan Sur,2180
Bohol,Tubigon,Pooc Occidental (Pob.),851
Bohol,Tubigon,Pooc Oriental (Pob.),2533
Bohol,Tubigon,Potohan,2137
Bohol,Tubigon,Talenceras,821
Bohol,Tubigon,Tan-Awan,655
Bohol,Tubigon,Tinangnan,2909
Bohol,Tubigon,Ubay Island,196
Bohol,Tubigon,Ubojan,2441
Bohol,Tubigon,Villanueva,580
Bohol,Ubay,Achila,1429
Bohol,Ubay,Bay-Ang,1906
Bohol,Ubay,Biabas,2599
Bohol,Ubay,Benliw,2193
Bohol,Ubay,Bongbong,895
Bohol,Ubay,Bood,2833
Bohol,Ubay,Buenavista,709
Bohol,Ubay,Cagting,1712
Bohol,Ubay,Camali-An,642
Bohol,Ubay,Camambugan,2591
Bohol,Ubay,Casate,2661
Bohol,Ubay,Katarungan,1680
Bohol,Ubay,Cuya,538
Bohol,Ubay,Fatima,3340
Bohol,Ubay,Gabi,1432
Bohol,Ubay,Governor Boyles,885
Bohol,Ubay,Guintabo-An,676
Bohol,Ubay,Hambabauran,1205
Bohol,Ubay,Humayhumay,1802
Bohol,Ubay,Ilihan,768
Bohol,Ubay,Imelda,1865
Bohol,Ubay,Juagdan,1185
Bohol,Ubay,Calanggaman,1689
Bohol,Ubay,Los Angeles,601
Bohol,Ubay,Lomangog,2650
Bohol,Ubay,Pag-Asa,1273
Bohol,Ubay,Pangpang,1328
Bohol,Ubay,Poblacion,3331
Bohol,Ubay,San Francisco,1688
Bohol,Ubay,San Isidro,771
Bohol,Ubay,San Pascual,3783
Bohol,Ubay,San Vicente,1056
Bohol,Ubay,Sentinila,939
Bohol,Ubay,Sinandigan,2242
Bohol,Ubay,Tapal,1516
Bohol,Ubay,Tapon,2828
Bohol,Ubay,Tintinan,707
Bohol,Ubay,Tipolo,2526
Bohol,Ubay,Tubog,983
Bohol,Ubay,Tuboran,1394
Bohol,Ubay,Union,2392
Bohol,Ubay,Villa Teresita,1482
Bohol,Ubay,Bulilis,2046
Bohol,Ubay,California,941
Bohol,Valencia,Adlawan,493
Bohol,Valencia,Anas,1719
Bohol,Valencia,Anonang,888
Bohol,Valencia,Anoyon,596
Bohol,Valencia,Balingasao,497
Bohol,Valencia,Botong,583
Bohol,Valencia,Buyog,420
Bohol,Valencia,Canduao Occidental,797
Bohol,Valencia,Canduao Oriental,660
Bohol,Valencia,Canlusong,1067
Bohol,Valencia,Canmanico,2133
Bohol,Valencia,Cansibao,995
Bohol,Valencia,Catug-A,414
Bohol,Valencia,Cutcutan,904
Bohol,Valencia,Danao,616
Bohol,Valencia,Genoveva,541
Bohol,Valencia,Ginopolan (Ginopolan Proper),772
Bohol,Valencia,La Victoria,984
Bohol,Valencia,Lantang,1014
Bohol,Valencia,Limocon,311
Bohol,Valencia,Loctob,692
Bohol,Valencia,Magsaysay,617
Bohol,Valencia,Marawis,563
Bohol,Valencia,Maubo,517
Bohol,Valencia,Nailo,462
Bohol,Valencia,Omjon,1192
Bohol,Valencia,Pangi-An,405
Bohol,Valencia,Poblacion Occidental,1508
Bohol,Valencia,Poblacion Oriental,917
Bohol,Valencia,Simang,480
Bohol,Valencia,Taug,439
Bohol,Valencia,Tausion,589
Bohol,Valencia,Taytay,651
Bohol,Valencia,Ticum,818
Bohol,Valencia,Banderahan (Upper Ginopolan),872
Bohol,Bien Unido,Bilangbilangan Dako,1960
Bohol,Bien Unido,Bilangbilangan Diot,818
Bohol,Bien Unido,Hingotanan East,2143
Bohol,Bien Unido,Hingotanan West,1986
Bohol,Bien Unido,Liberty,998
Bohol,Bien Unido,Malingin,1691
Bohol,Bien Unido,Mandawa,2385
Bohol,Bien Unido,Maomawan,1671
Bohol,Bien Unido,Nueva Esperanza,2527
Bohol,Bien Unido,Nueva Estrella,1638
Bohol,Bien Unido,Pinamgo,2344
Bohol,Bien Unido,Poblacion (Bien Unido),3273
Bohol,Bien Unido,Puerto San Pedro,1144
Bohol,Bien Unido,Sagasa,1483
Bohol,Bien Unido,Tuboran,1054
