Cebu,Alcantara,Cabadiangan,968
Cebu,Alcantara,Cabil-Isan,854
Cebu,Alcantara,Candabong,2421
Cebu,Alcantara,Lawaan,1706
Cebu,Alcantara,Manga,1995
Cebu,Alcantara,Palanas,2651
Cebu,Alcantara,Poblacion,2440
Cebu,Alcantara,Polo,1508
Cebu,Alcantara,Salagmaya,617
Cebu,Alcoy,Atabay,1754
Cebu,Alcoy,Daan-Lungsod,1863
Cebu,Alcoy,Guiwang,1564
Cebu,Alcoy,Nug-As,3289
Cebu,Alcoy,Pasol,1789
Cebu,Alcoy,Poblacion,3610
Cebu,Alcoy,Pugalo,2606
Cebu,Alcoy,San Agustin,504
Cebu,Alegria,Compostela,1510
Cebu,Alegria,Guadalupe,2606
Cebu,Alegria,Legaspi,1694
Cebu,Alegria,Lepanto,2102
Cebu,Alegria,Madridejos,5141
Cebu,Alegria,Montpeller,1408
Cebu,Alegria,Poblacion,2450
Cebu,Alegria,Santa Filomena,3194
Cebu,Alegria,Valencia,3195
Cebu,Aloguinsan,Angilan,2634
Cebu,Aloguinsan,Bojo,1869
Cebu,Aloguinsan,Bonbon,7807
Cebu,Aloguinsan,Esperanza,1866
Cebu,Aloguinsan,Kandingan,937
Cebu,Aloguinsan,Kantabogon,1697
Cebu,Aloguinsan,Kawasan,2239
Cebu,Aloguinsan,Olango,1151
Cebu,Aloguinsan,Poblacion,3392
Cebu,Aloguinsan,Punay,1544
Cebu,Aloguinsan,Rosario,1868
Cebu,Aloguinsan,Saksak,1157
Cebu,Aloguinsan,Tampa-An,2021
Cebu,Aloguinsan,Toyokon,693
Cebu,Aloguinsan,Zaragosa,1225
Cebu,Argao,Alambijud,1542
Cebu,Argao,Anajao,742
Cebu,Argao,Apo,692
Cebu,Argao,Balaas,789
Cebu,Argao,Balisong,2105
Cebu,Argao,Binlod,3386
Cebu,Argao,Bogo,3557
Cebu,Argao,Butong,966
Cebu,Argao,Bug-Ot,884
Cebu,Argao,Bulasa,3648
Cebu,Argao,Calagasan,1062
Cebu,Argao,Canbantug,844
Cebu,Argao,Canbanua,2507
Cebu,Argao,Cansuje,2327
Cebu,Argao,Capio-An,1098
Cebu,Argao,Casay,883
Cebu,Argao,Catang,614
Cebu,Argao,Colawin,961
Cebu,Argao,Conalum,585
Cebu,Argao,Guiwanon,1856
Cebu,Argao,Gutlang,856
Cebu,Argao,Jampang,2499
Cebu,Argao,Jomgao,1111
Cebu,Argao,Lamacan,2654
Cebu,Argao,Langtad,3145
Cebu,Argao,Langub,745
Cebu,Argao,Lapay,683
Cebu,Argao,Lengigon,1080
Cebu,Argao,Linut-Od,1026
Cebu,Argao,Mabasa,1267
Cebu,Argao,Mandilikit,664
Cebu,Argao,Mompeller,857
Cebu,Argao,Panadtaran,586
Cebu,Argao,Poblacion,5454
Cebu,Argao,Sua,899
Cebu,Argao,Sumaguan,964
Cebu,Argao,Tabayag,894
Cebu,Argao,Talaga,3510
Cebu,Argao,Talaytay,1686
Cebu,Argao,Talo-Ot,3990
Cebu,Argao,Tiguib,866
Cebu,Argao,Tulang,856
Cebu,Argao,Tulic,2805
Cebu,Argao,Ubaub,1083
Cebu,Argao,Usmad,1138
Cebu,Asturias,Agbanga,838
Cebu,Asturias,Agtugop,984
Cebu,Asturias,Bago,1940
Cebu,Asturias,Bairan,876
Cebu,Asturias,Banban,805
Cebu,Asturias,Baye,621
Cebu,Asturias,Bog-O,390
Cebu,Asturias,Kaluangan,650
Cebu,Asturias,Lanao,660
Cebu,Asturias,Langub,3663
Cebu,Asturias,Looc Norte,2436
Cebu,Asturias,Lunas,2401
Cebu,Asturias,Magcalape,420
Cebu,Asturias,Manguiao,1760
Cebu,Asturias,New Bago,1741
Cebu,Asturias,Owak,3855
Cebu,Asturias,Poblacion,5472
Cebu,Asturias,Saksak,306
Cebu,Asturias,San Isidro,2899
Cebu,Asturias,San Roque,2690
Cebu,Asturias,Santa Lucia,3984
Cebu,Asturias,Santa Rita,1076
Cebu,Asturias,Tag-Amakan,891
Cebu,Asturias,Tagbubonga,461
Cebu,Asturias,Tubigagmanok,4496
Cebu,Asturias,Tubod,892
Cebu,Asturias,Ubogon,650
Cebu,Badian,Alawijao,1078
Cebu,Badian,Balhaan,402
Cebu,Badian,Banhigan,2596
Cebu,Badian,Basak,1487
Cebu,Badian,Basiao,983
Cebu,Badian,Bato,1166
Cebu,Badian,Bugas,2666
Cebu,Badian,Calangcang,521
Cebu,Badian,Candiis,1086
Cebu,Badian,Dagatan,1351
Cebu,Badian,Dobdob,1026
Cebu,Badian,Ginablan,608
Cebu,Badian,Lambug,1469
Cebu,Badian,Malabago,954
Cebu,Badian,Malhiao,2966
Cebu,Badian,Manduyong,1668
Cebu,Badian,Matutinao,904
Cebu,Badian,Patong,820
Cebu,Badian,Poblacion,4092
Cebu,Badian,Sanlagan,782
Cebu,Badian,Santicon,530
Cebu,Badian,Sohoton,1125
Cebu,Badian,Sulsugan,417
Cebu,Badian,Talayong,909
Cebu,Badian,Taytay,2099
Cebu,Badian,Tigbao,874
Cebu,Badian,Tiguib,487
Cebu,Badian,Tubod,1144
Cebu,Badian,Zaragosa,1702
Cebu,Balamban,Abucayan,5315
Cebu,Balamban,Aliwanay,3277
Cebu,Balamban,Arpili,6312
Cebu,Balamban,Bayong,861
Cebu,Balamban,Biasong,2816
Cebu,Balamban,Buanoy,12057
Cebu,Balamban,Cabagdalan,842
Cebu,Balamban,Cabasiangan,1233
Cebu,Balamban,Cambuhawe,3374
Cebu,Balamban,Cansomoroy,1920
Cebu,Balamban,Cantibas,1346
Cebu,Balamban,Cantuod,3426
Cebu,Balamban,Duangan,1334
Cebu,Balamban,Gaas,2908
Cebu,Balamban,Ginatilan,1592
Cebu,Balamban,Hingatmonan,1241
Cebu,Balamban,Lamesa,1799
Cebu,Balamban,Liki,1243
Cebu,Balamban,Luca,1399
Cebu,Balamban,Matun-Og,1002
Cebu,Balamban,Nangka,6151
Cebu,Balamban,Pondol,9872
Cebu,Balamban,Prenza,2863
Cebu,Balamban,Singsing,1870
Cebu,Balamban,Sunog,1825
Cebu,Balamban,Vito,1939
Cebu,Balamban,Baliwagan (Pob.),5494
Cebu,Balamban,Santa Cruz-Santo Niño (Pob.),1866
Cebu,Bantayan,Atop-Atop,3187
Cebu,Bantayan,Baigad,1550
Cebu,Bantayan,Baod,3039
Cebu,Bantayan,Binaobao (Pob.),2957
Cebu,Bantayan,Botigues,2773
Cebu,Bantayan,Kabac,4460
Cebu,Bantayan,Doong,2531
Cebu,Bantayan,Hilotongan,2506
Cebu,Bantayan,Guiwanon,2532
Cebu,Bantayan,Kabangbang,2345
Cebu,Bantayan,Kampingganon,1000
Cebu,Bantayan,Kangkaibe,2348
Cebu,Bantayan,Lipayran,3502
Cebu,Bantayan,Luyongbaybay,1423
Cebu,Bantayan,Mojon,2731
Cebu,Bantayan,Obo-Ob,2086
Cebu,Bantayan,Patao,5772
Cebu,Bantayan,Putian,1809
Cebu,Bantayan,Sillon,4203
Cebu,Bantayan,Sungko,3312
Cebu,Bantayan,Suba (Pob.),3859
Cebu,Bantayan,Sulangan,4925
Cebu,Bantayan,Tamiao,2106
Cebu,Bantayan,Bantigue (Pob.),5232
Cebu,Bantayan,Ticad (Pob.),6896
Cebu,Barili,Azucena,2061
Cebu,Barili,Bagakay,904
Cebu,Barili,Balao,2446
Cebu,Barili,Bolocboloc,2226
Cebu,Barili,Budbud,1628
Cebu,Barili,Bugtong Kawayan,800
Cebu,Barili,Cabcaban,1922
Cebu,Barili,Campangga,1455
Cebu,Barili,Dakit,1864
Cebu,Barili,Giloctog,1589
Cebu,Barili,Guibuangan,2303
Cebu,Barili,Giwanon,1830
Cebu,Barili,Gunting,2861
Cebu,Barili,Hilasgasan,747
Cebu,Barili,Japitan,3821
Cebu,Barili,Cagay,1813
Cebu,Barili,Kalubihan,1403
Cebu,Barili,Kangdampas,1077
Cebu,Barili,Candugay,1777
Cebu,Barili,Luhod,955
Cebu,Barili,Lupo,673
Cebu,Barili,Luyo,1091
Cebu,Barili,Maghanoy,1265
Cebu,Barili,Maigang,1978
Cebu,Barili,Malolos,1742
Cebu,Barili,Mantalongon,2988
Cebu,Barili,Mantayupan,2317
Cebu,Barili,Mayana,1250
Cebu,Barili,Minolos,2399
Cebu,Barili,Nabunturan,774
Cebu,Barili,Nasipit,1172
Cebu,Barili,Pancil,1153
Cebu,Barili,Pangpang,995
Cebu,Barili,Paril,1241
Cebu,Barili,Patupat,1850
Cebu,Barili,Poblacion,5141
Cebu,Barili,San Rafael,1654
Cebu,Barili,Santa Ana,2087
Cebu,Barili,Sayaw,1298
Cebu,Barili,Tal-Ot,1876
Cebu,Barili,Tubod,2176
Cebu,Barili,Vito,1260
Cebu,City Of Bogo,Cogon (Pob.),2634
Cebu,City Of Bogo,Anonang Norte,1579
Cebu,City Of Bogo,Anonang Sur,1748
Cebu,City Of Bogo,Banban,2263
Cebu,City Of Bogo,Binabag,2024
Cebu,City Of Bogo,Bungtod (Pob.),2324
Cebu,City Of Bogo,Carbon (Pob.),263
Cebu,City Of Bogo,Cayang,3883
Cebu,City Of Bogo,Dakit,5400
Cebu,City Of Bogo,Don Pedro Rodriguez,3563
Cebu,City Of Bogo,Gairan,9751
Cebu,City Of Bogo,Guadalupe,3540
Cebu,City Of Bogo,La Paz,3743
Cebu,City Of Bogo,La Purisima Concepcion (Pob.),931
Cebu,City Of Bogo,Libertad,4029
Cebu,City Of Bogo,Lourdes (Pob.),456
Cebu,City Of Bogo,Malingin,2672
Cebu,City Of Bogo,Marangog,1894
Cebu,City Of Bogo,Nailon,6093
Cebu,City Of Bogo,Odlot,2480
Cebu,City Of Bogo,Pandan (Pandan Heights),1789
Cebu,City Of Bogo,Polambato,3881
Cebu,City Of Bogo,Sambag (Pob.),1678
Cebu,City Of Bogo,San Vicente (Pob.),525
Cebu,City Of Bogo,Santo Niño,1131
Cebu,City Of Bogo,Santo Rosario (Pob.),1287
Cebu,City Of Bogo,Siocon,1680
Cebu,City Of Bogo,Taytayan,4193
Cebu,City Of Bogo,Sudlonon,686
Cebu,Boljoon,Baclayan,468
Cebu,Boljoon,El Pardo,3264
Cebu,Boljoon,Granada,1253
Cebu,Boljoon,Lower Becerril,1297
Cebu,Boljoon,Poblacion,4082
Cebu,Boljoon,San Antonio,1114
Cebu,Boljoon,Upper Becerril,1356
Cebu,Boljoon,Arbor,1076
Cebu,Boljoon,Lunop,916
Cebu,Boljoon,Nangka,679
Cebu,Boljoon,South Granada,839
Cebu,Borbon,Bagacay,576
Cebu,Borbon,Bili,768
Cebu,Borbon,Bingay,1220
Cebu,Borbon,Bongdo,1389
Cebu,Borbon,Bongdo Gua,893
Cebu,Borbon,Bongoyan,1652
Cebu,Borbon,Cadaruhan,4274
Cebu,Borbon,Cajel,1401
Cebu,Borbon,Campusong,2344
Cebu,Borbon,Clavera,1410
Cebu,Borbon,Don Gregorio Antigua (Taytayan),3631
Cebu,Borbon,Laaw,1544
Cebu,Borbon,Lugo,3093
Cebu,Borbon,Managase,1395
Cebu,Borbon,Poblacion,5090
Cebu,Borbon,Sagay,1255
Cebu,Borbon,San Jose,749
Cebu,Borbon,Tabunan,1705
Cebu,Borbon,Tagnucan,1137
Cebu,City Of Carcar,Bolinawan,10881
Cebu,City Of Carcar,Buenavista,2662
Cebu,City Of Carcar,Calidngan,3258
Cebu,City Of Carcar,Can-Asujan,9114
Cebu,City Of Carcar,Guadalupe,12641
Cebu,City Of Carcar,Liburon,7606
Cebu,City Of Carcar,Napo,6427
Cebu,City Of Carcar,Ocana,9361
Cebu,City Of Carcar,Perrelos,14129
Cebu,City Of Carcar,Valencia,5485
Cebu,City Of Carcar,Valladolid,11523
Cebu,City Of Carcar,Poblacion I,10919
Cebu,City Of Carcar,Poblacion Ii,2680
Cebu,City Of Carcar,Poblacion Iii,6898
Cebu,City Of Carcar,Tuyom,6080
Cebu,Carmen,Baring,4854
Cebu,Carmen,Cantipay,1805
Cebu,Carmen,Cantumog,1895
Cebu,Carmen,Cantukong,1445
Cebu,Carmen,Caurasan,1109
Cebu,Carmen,Corte,2567
Cebu,Carmen,Dawis Norte,4155
Cebu,Carmen,Dawis Sur,2001
Cebu,Carmen,Cogon East,3292
Cebu,Carmen,Hagnaya,2019
Cebu,Carmen,Ipil,2061
Cebu,Carmen,Lanipga,1021
Cebu,Carmen,Liboron,603
Cebu,Carmen,Lower Natimao-An,1241
Cebu,Carmen,Luyang,5869
Cebu,Carmen,Poblacion,4845
Cebu,Carmen,Puente,2374
Cebu,Carmen,Sac-On,817
Cebu,Carmen,Triumfo,1867
Cebu,Carmen,Upper Natimao-An,2604
Cebu,Carmen,Cogon West,2881
Cebu,Catmon,Agsuwao,1008
Cebu,Catmon,Amancion,207
Cebu,Catmon,Anapog,324
Cebu,Catmon,Bactas,867
Cebu,Catmon,Bongyas,300
Cebu,Catmon,Basak,1286
Cebu,Catmon,Binongkalan,1587
Cebu,Catmon,Cabungaan,1413
Cebu,Catmon,Cambangkaya,758
Cebu,Catmon,Can-Ibuang,398
Cebu,Catmon,Catmondaan,3086
Cebu,Catmon,Duyan,684
Cebu,Catmon,Ginabucan,809
Cebu,Catmon,Macaas,3394
Cebu,Catmon,Panalipan,3544
Cebu,Catmon,Tabili,764
Cebu,Catmon,Tinabyonan,775
Cebu,Catmon,San Jose Pob. (Catadman),3250
Cebu,Catmon,Corazon (Pob.),2994
Cebu,Catmon,Flores (Pob.),3023
Cebu,Compostela,Bagalnga,2283
Cebu,Compostela,Basak,1773
Cebu,Compostela,Buluang,1365
Cebu,Compostela,Cabadiangan,2284
Cebu,Compostela,Cambayog,1283
Cebu,Compostela,Canamucan,4345
Cebu,Compostela,Cogon,7357
Cebu,Compostela,Dapdap,1212
Cebu,Compostela,Estaca,6327
Cebu,Compostela,Lupa,873
Cebu,Compostela,Magay,2391
Cebu,Compostela,Mulao,1600
Cebu,Compostela,Panangban,1104
Cebu,Compostela,Poblacion,10372
Cebu,Compostela,Tag-Ube,1250
Cebu,Compostela,Tamiao,1533
Cebu,Compostela,Tubigan,546
Cebu,Consolacion,Cabangahan,2483
Cebu,Consolacion,Cansaga,5415
Cebu,Consolacion,Casili,16025
Cebu,Consolacion,Danglag,4235
Cebu,Consolacion,Garing,2615
Cebu,Consolacion,Jugan,9887
Cebu,Consolacion,Lamac,9458
Cebu,Consolacion,Lanipga,855
Cebu,Consolacion,Nangka,13327
Cebu,Consolacion,Panas,1323
Cebu,Consolacion,Panoypoy,1229
Cebu,Consolacion,Pitogo,5278
Cebu,Consolacion,Poblacion Occidental,5854
Cebu,Consolacion,Poblacion Oriental,3314
Cebu,Consolacion,Polog,2097
Cebu,Consolacion,Pulpogan,13123
Cebu,Consolacion,Sacsac,1861
Cebu,Consolacion,Tayud,20192
Cebu,Consolacion,Tilhaong,1337
Cebu,Consolacion,Tolotolo,3156
Cebu,Consolacion,Tugbongan,8464
Cebu,Cordova,Alegria,3540
Cebu,Cordova,Bangbang,5287
Cebu,Cordova,Buagsong,3936
Cebu,Cordova,Catarman,4596
Cebu,Cordova,Cogon,2715
Cebu,Cordova,Dapitan,3149
Cebu,Cordova,Day-As,4241
Cebu,Cordova,Gabi,4713
Cebu,Cordova,Gilutongan,1640
Cebu,Cordova,Ibabao,8355
Cebu,Cordova,Pilipog,4273
Cebu,Cordova,Poblacion,9625
Cebu,Cordova,San Miguel,3642
Cebu,Daanbantayan,Aguho,5726
Cebu,Daanbantayan,Bagay,4549
Cebu,Daanbantayan,Bakhawan,2540
Cebu,Daanbantayan,Bateria,3664
Cebu,Daanbantayan,Bitoon,4753
Cebu,Daanbantayan,Calape,2233
Cebu,Daanbantayan,Carnaza,2259
Cebu,Daanbantayan,Dalingding,2137
Cebu,Daanbantayan,Lanao,3313
Cebu,Daanbantayan,Logon,5720
Cebu,Daanbantayan,Malbago,4408
Cebu,Daanbantayan,Malingin,1600
Cebu,Daanbantayan,Maya,8822
Cebu,Daanbantayan,Pajo,3634
Cebu,Daanbantayan,Paypay,2888
Cebu,Daanbantayan,Poblacion,7794
Cebu,Daanbantayan,Talisay,4297
Cebu,Daanbantayan,Tapilon,8323
Cebu,Daanbantayan,Tinubdan,2002
Cebu,Daanbantayan,Tominjao,3768
Cebu,Dalaguete,Ablayan,1207
Cebu,Dalaguete,Babayongan,468
Cebu,Dalaguete,Balud,3214
Cebu,Dalaguete,Banhigan,1239
Cebu,Dalaguete,Bulak,873
Cebu,Dalaguete,Caliongan,2319
Cebu,Dalaguete,Caleriohan,2202
Cebu,Dalaguete,Casay,4283
Cebu,Dalaguete,Catolohan,1759
Cebu,Dalaguete,Cawayan,2681
Cebu,Dalaguete,Consolacion,1966
Cebu,Dalaguete,Coro,1228
Cebu,Dalaguete,Dugyan,994
Cebu,Dalaguete,Dumalan,1756
Cebu,Dalaguete,Jolomaynon,1338
Cebu,Dalaguete,Lanao,1124
Cebu,Dalaguete,Langkas,1344
Cebu,Dalaguete,Lumbang,773
Cebu,Dalaguete,Malones,1291
Cebu,Dalaguete,Maloray,941
Cebu,Dalaguete,Mananggal,1047
Cebu,Dalaguete,Manlapay,2152
Cebu,Dalaguete,Mantalongon,6517
Cebu,Dalaguete,Nalhub,1834
Cebu,Dalaguete,Obo,1392
Cebu,Dalaguete,Obong,3078
Cebu,Dalaguete,Panas,832
Cebu,Dalaguete,Poblacion,6355
Cebu,Dalaguete,Sacsac,1726
Cebu,Dalaguete,Tapun,4068
Cebu,Dalaguete,Tuba,1296
Cebu,Dalaguete,Salug,1106
Cebu,Dalaguete,Tabon,3094
Cebu,Danao City,Baliang,1843
Cebu,Danao City,Bayabas,714
Cebu,Danao City,Binaliw,2635
Cebu,Danao City,Cabungahan,2317
Cebu,Danao City,Cagat-Lamac,1253
Cebu,Danao City,Cahumayan,4162
Cebu,Danao City,Cambanay,3526
Cebu,Danao City,Cambubho,940
Cebu,Danao City,Cogon-Cruz,4188
Cebu,Danao City,Danasan,1350
Cebu,Danao City,Dungga,1273
Cebu,Danao City,Dunggoan,6310
Cebu,Danao City,Guinacot,4853
Cebu,Danao City,Guinsay,9152
Cebu,Danao City,Ibo,1171
Cebu,Danao City,Langosig,1020
Cebu,Danao City,Lawaan,1679
Cebu,Danao City,Licos,1852
Cebu,Danao City,Looc,9543
Cebu,Danao City,Magtagobtob,453
Cebu,Danao City,Malapoc,1256
Cebu,Danao City,Manlayag,1638
Cebu,Danao City,Mantija,1447
Cebu,Danao City,Masaba,3090
Cebu,Danao City,Maslog,9929
Cebu,Danao City,Nangka,413
Cebu,Danao City,Oguis,634
Cebu,Danao City,Pili,777
Cebu,Danao City,Poblacion,9090
Cebu,Danao City,Quisol,1461
Cebu,Danao City,Sabang,12431
Cebu,Danao City,Sacsac,618
Cebu,Danao City,Sandayong Norte,1490
Cebu,Danao City,Sandayong Sur,3069
Cebu,Danao City,Santa Rosa,1559
Cebu,Danao City,Santican,1218
Cebu,Danao City,Sibacan,635
Cebu,Danao City,Suba,7523
Cebu,Danao City,Taboc,5482
Cebu,Danao City,Taytay,3914
Cebu,Danao City,Togonon,1619
Cebu,Danao City,Tuburan Sur,6944
Cebu,Dumanjug,Balaygtiki,2016
Cebu,Dumanjug,Bitoon,2979
Cebu,Dumanjug,Bulak,1441
Cebu,Dumanjug,Bullogan,1065
Cebu,Dumanjug,Doldol,1564
Cebu,Dumanjug,Kabalaasnan,385
Cebu,Dumanjug,Kabatbatan,385
Cebu,Dumanjug,Calaboon,1920
Cebu,Dumanjug,Kambanog,438
Cebu,Dumanjug,Camboang,1194
Cebu,Dumanjug,Candabong,982
Cebu,Dumanjug,Kang-Actol,1274
Cebu,Dumanjug,Kanghalo,559
Cebu,Dumanjug,Kanghumaod,1642
Cebu,Dumanjug,Kanguha,765
Cebu,Dumanjug,Kantangkas,839
Cebu,Dumanjug,Kanyuko,1088
Cebu,Dumanjug,Cogon,3051
Cebu,Dumanjug,Kolabtingon,740
Cebu,Dumanjug,Cotcoton,549
Cebu,Dumanjug,Lamak,570
Cebu,Dumanjug,Lawaan,2321
Cebu,Dumanjug,Liong,2159
Cebu,Dumanjug,Manlapay,1307
Cebu,Dumanjug,Masa,618
Cebu,Dumanjug,Matalao,341
Cebu,Dumanjug,Paculob,1576
Cebu,Dumanjug,Panlaan,2190
Cebu,Dumanjug,Pawa,1226
Cebu,Dumanjug,Ilaya (Pob.),1217
Cebu,Dumanjug,Poblacion Looc,1198
Cebu,Dumanjug,Poblacion Sima,588
Cebu,Dumanjug,Tangil,2886
Cebu,Dumanjug,Tapon,3499
Cebu,Dumanjug,Tubod-Bitoon,2129
Cebu,Dumanjug,Tubod-Dugoan,1571
Cebu,Dumanjug,Poblacion Central,938
Cebu,Ginatilan,Anao,428
Cebu,Ginatilan,Cagsing,1219
Cebu,Ginatilan,Calabawan,553
Cebu,Ginatilan,Cambagte,518
Cebu,Ginatilan,Campisong,443
Cebu,Ginatilan,Canorong,805
Cebu,Ginatilan,Guiwanon,1047
Cebu,Ginatilan,Looc,1071
Cebu,Ginatilan,Malatbo,802
Cebu,Ginatilan,Mangaco,1280
Cebu,Ginatilan,Palanas,2407
Cebu,Ginatilan,Poblacion,3130
Cebu,Ginatilan,Salamanca,660
Cebu,Ginatilan,San Roque,1556
Cebu,Liloan,Cabadiangan,1982
Cebu,Liloan,Calero,5315
Cebu,Liloan,Catarman,15829
Cebu,Liloan,Cotcot,6796
Cebu,Liloan,Jubay,11931
Cebu,Liloan,Lataban,2245
Cebu,Liloan,Mulao,1067
Cebu,Liloan,Poblacion,15041
Cebu,Liloan,San Roque,1521
Cebu,Liloan,San Vicente,10219
Cebu,Liloan,Santa Cruz,2203
Cebu,Liloan,Tabla,1423
Cebu,Liloan,Tayud,15814
Cebu,Liloan,Yati,27367
Cebu,Madridejos,Bunakan,1888
Cebu,Madridejos,Kangwayan,1083
Cebu,Madridejos,Kaongkod,3454
Cebu,Madridejos,Kodia,2077
Cebu,Madridejos,Maalat,2212
Cebu,Madridejos,Malbago,2593
Cebu,Madridejos,Mancilang,4934
Cebu,Madridejos,Pili,2449
Cebu,Madridejos,Poblacion,3509
Cebu,Madridejos,San Agustin,2399
Cebu,Madridejos,Tabagak,1919
Cebu,Madridejos,Talangnan,3294
Cebu,Madridejos,Tarong,2879
Cebu,Madridejos,Tugas,1739
Cebu,Malabuyoc,Armeña (Cansilongan),1016
Cebu,Malabuyoc,Tolosa (Calatagan),1422
Cebu,Malabuyoc,Cerdeña (Ansan),1993
Cebu,Malabuyoc,Labrador (Bulod),733
Cebu,Malabuyoc,Looc,1218
Cebu,Malabuyoc,Lombo,1441
Cebu,Malabuyoc,Mahanlud,554
Cebu,Malabuyoc,Mindanao (Pajo),532
Cebu,Malabuyoc,Montañeza (Inamlang),3229
Cebu,Malabuyoc,Salmeron (Bulak),763
Cebu,Malabuyoc,Santo Niño,2630
Cebu,Malabuyoc,Sorsogon (Balimaya),1015
Cebu,Malabuyoc,Barangay I (Pob.),1638
Cebu,Malabuyoc,Barangay Ii (Pob.),1189
Cebu,Medellin,Antipolo,4981
Cebu,Medellin,Curva,2241
Cebu,Medellin,Daanlungsod,3782
Cebu,Medellin,Dalingding Sur,970
Cebu,Medellin,Dayhagon,1803
Cebu,Medellin,Gibitngil,2128
Cebu,Medellin,Canhabagat,2355
Cebu,Medellin,Caputatan Norte,2890
Cebu,Medellin,Caputatan Sur,2712
Cebu,Medellin,Kawit,7626
Cebu,Medellin,Lamintak Norte,2130
Cebu,Medellin,Luy-A,1938
Cebu,Medellin,Panugnawan,2290
Cebu,Medellin,Poblacion,5500
Cebu,Medellin,Tindog,3393
Cebu,Medellin,Don Virgilio Gonzales,1473
Cebu,Medellin,Lamintak Sur,2583
Cebu,Medellin,Maharuhay,1477
Cebu,Medellin,Mahawak,3060
Cebu,Minglanilla,Cadulawan,5321
Cebu,Minglanilla,Calajo-An,11583
Cebu,Minglanilla,Camp 7,2571
Cebu,Minglanilla,Camp 8,1798
Cebu,Minglanilla,Cuanos,2809
Cebu,Minglanilla,Guindaruhan,3503
Cebu,Minglanilla,Linao,12943
Cebu,Minglanilla,Manduang,2147
Cebu,Minglanilla,Pakigne,12644
Cebu,Minglanilla,Poblacion Ward I,2087
Cebu,Minglanilla,Poblacion Ward Ii,3254
Cebu,Minglanilla,Poblacion Ward Iii,2884
Cebu,Minglanilla,Poblacion Ward Iv,4767
Cebu,Minglanilla,Tubod,5626
Cebu,Minglanilla,Tulay,11286
Cebu,Minglanilla,Tunghaan,14187
Cebu,Minglanilla,Tungkop,11003
Cebu,Minglanilla,Vito,8613
Cebu,Minglanilla,Tungkil,13109
Cebu,Moalboal,Agbalanga,940
Cebu,Moalboal,Bala,700
Cebu,Moalboal,Balabagon,1825
Cebu,Moalboal,Basdiot,5949
Cebu,Moalboal,Batadbatad,1318
Cebu,Moalboal,Bugho,1824
Cebu,Moalboal,Buguil,756
Cebu,Moalboal,Busay,1309
Cebu,Moalboal,Lanao,1424
Cebu,Moalboal,Poblacion East,2521
Cebu,Moalboal,Poblacion West,3240
Cebu,Moalboal,Saavedra,2881
Cebu,Moalboal,Tomonoy,2018
Cebu,Moalboal,Tuble,2012
Cebu,Moalboal,Tunga,2413
Cebu,City Of Naga,Alfaco,3486
Cebu,City Of Naga,Bairan,2173
Cebu,City Of Naga,Balirong,4760
Cebu,City Of Naga,Cabungahan,1306
Cebu,City Of Naga,Cantao-An,5889
Cebu,City Of Naga,Central Poblacion,896
Cebu,City Of Naga,Cogon,4267
Cebu,City Of Naga,Colon,4467
Cebu,City Of Naga,East Poblacion,636
Cebu,City Of Naga,Inoburan,6054
Cebu,City Of Naga,Inayagan,8342
Cebu,City Of Naga,Jaguimit,2344
Cebu,City Of Naga,Lanas,2890
Cebu,City Of Naga,Langtad,6220
Cebu,City Of Naga,Lutac,4603
Cebu,City Of Naga,Mainit,2770
Cebu,City Of Naga,Mayana,1299
Cebu,City Of Naga,Naalad,2937
Cebu,City Of Naga,North Poblacion,3019
Cebu,City Of Naga,Pangdan,4730
Cebu,City Of Naga,Patag,1419
Cebu,City Of Naga,South Poblacion,5673
Cebu,City Of Naga,Tagjaguimit,2317
Cebu,City Of Naga,Tangke,5263
Cebu,City Of Naga,Tinaan,7157
Cebu,City Of Naga,Tuyan,11337
Cebu,City Of Naga,Uling,6187
Cebu,City Of Naga,West Poblacion,3309
Cebu,Oslob,Alo,1395
Cebu,Oslob,Bangcogon,1108
Cebu,Oslob,Bonbon,1303
Cebu,Oslob,Calumpang,1080
Cebu,Oslob,Canangca-An,591
Cebu,Oslob,Cañang,1044
Cebu,Oslob,Can-Ukban,522
Cebu,Oslob,Cansalo-Ay,584
Cebu,Oslob,Daanlungsod,1612
Cebu,Oslob,Gawi,1685
Cebu,Oslob,Hagdan,652
Cebu,Oslob,Lagunde,2830
Cebu,Oslob,Looc,1163
Cebu,Oslob,Luka,1241
Cebu,Oslob,Mainit,1394
Cebu,Oslob,Manlum,414
Cebu,Oslob,Nueva Caceres,1129
Cebu,Oslob,Poblacion,4224
Cebu,Oslob,Pungtod,1555
Cebu,Oslob,Tan-Awan,1429
Cebu,Oslob,Tumalog,938
Cebu,Pilar,Biasong,345
Cebu,Pilar,Cawit,1925
Cebu,Pilar,Dapdap,563
Cebu,Pilar,Esperanza,815
Cebu,Pilar,Lanao,1029
Cebu,Pilar,Lower Poblacion,745
Cebu,Pilar,Moabog,1034
Cebu,Pilar,Montserrat,1202
Cebu,Pilar,San Isidro,482
Cebu,Pilar,San Juan,730
Cebu,Pilar,Upper Poblacion,865
Cebu,Pilar,Villahermosa,991
Cebu,Pilar,Imelda,582
Cebu,Pinamungahan,Anislag,1597
Cebu,Pinamungahan,Anopog,3797
Cebu,Pinamungahan,Binabag,2142
Cebu,Pinamungahan,Buhingtubig,1763
Cebu,Pinamungahan,Busay,1117
Cebu,Pinamungahan,Butong,2035
Cebu,Pinamungahan,Cabiangon,1000
Cebu,Pinamungahan,Camugao,2048
Cebu,Pinamungahan,Duangan,1400
Cebu,Pinamungahan,Guimbawian,1894
Cebu,Pinamungahan,Lamac,5953
Cebu,Pinamungahan,Lut-Od,3112
Cebu,Pinamungahan,Mangoto,2602
Cebu,Pinamungahan,Opao,503
Cebu,Pinamungahan,Pandacan,5890
Cebu,Pinamungahan,Poblacion,6754
Cebu,Pinamungahan,Punod,1781
Cebu,Pinamungahan,Rizal,2418
Cebu,Pinamungahan,Sacsac,1533
Cebu,Pinamungahan,Sambagon,1233
Cebu,Pinamungahan,Sibago,2261
Cebu,Pinamungahan,Tajao,6915
Cebu,Pinamungahan,Tangub,880
Cebu,Pinamungahan,Tanibag,2002
Cebu,Pinamungahan,Tupas,864
Cebu,Pinamungahan,Tutay,2461
Cebu,Poro,Adela,1737
Cebu,Poro,Altavista,958
Cebu,Poro,Cagcagan,3114
Cebu,Poro,Cansabusab,577
Cebu,Poro,Daan Paz,922
Cebu,Poro,Eastern Poblacion,1158
Cebu,Poro,Esperanza,3324
Cebu,Poro,Libertad,1313
Cebu,Poro,Mabini,1259
Cebu,Poro,Mercedes,2585
Cebu,Poro,Pagsa,1183
Cebu,Poro,Paz,1252
Cebu,Poro,Rizal,871
Cebu,Poro,San Jose,1255
Cebu,Poro,Santa Rita,705
Cebu,Poro,Teguis,1397
Cebu,Poro,Western Poblacion,1602
Cebu,Ronda,Butong,1617
Cebu,Ronda,Can-Abuhon,930
Cebu,Ronda,Canduling,1353
Cebu,Ronda,Cansalonoy,846
Cebu,Ronda,Cansayahon,1947
Cebu,Ronda,Ilaya,1630
Cebu,Ronda,Langin,1262
Cebu,Ronda,Libo-O,1198
Cebu,Ronda,Malalay,1165
Cebu,Ronda,Palanas,1739
Cebu,Ronda,Poblacion,1992
Cebu,Ronda,Santa Cruz,3224
Cebu,Ronda,Tupas,592
Cebu,Ronda,Vive,865
Cebu,Samboan,Basak,1064
Cebu,Samboan,Bonbon,608
Cebu,Samboan,Bulangsuran,1121
Cebu,Samboan,Calatagan,1371
Cebu,Samboan,Cambigong,782
Cebu,Samboan,Canorong,1085
Cebu,Samboan,Colase,1086
Cebu,Samboan,Dalahikan,1379
Cebu,Samboan,Jumangpas,1517
Cebu,Samboan,Camburoy,802
Cebu,Samboan,Poblacion,3928
Cebu,Samboan,San Sebastian,2197
Cebu,Samboan,Suba,1948
Cebu,Samboan,Tangbo,1262
Cebu,Samboan,Monteverde,734
Cebu,San Fernando,Balud,4135
Cebu,San Fernando,Balungag,2116
Cebu,San Fernando,Basak,1017
Cebu,San Fernando,Bugho,1317
Cebu,San Fernando,Cabatbatan,1933
Cebu,San Fernando,Greenhills,2508
Cebu,San Fernando,Lantawan,2054
Cebu,San Fernando,Liburon,995
Cebu,San Fernando,Magsico,2188
Cebu,San Fernando,Poblacion North,4444
Cebu,San Fernando,Panadtaran,5400
Cebu,San Fernando,Pitalo,7962
Cebu,San Fernando,San Isidro,4128
Cebu,San Fernando,Sangat,5910
Cebu,San Fernando,Poblacion South,8294
Cebu,San Fernando,Tabionan,2147
Cebu,San Fernando,Tananas,1706
Cebu,San Fernando,Tinubdan,2215
Cebu,San Fernando,Tonggo,2110
Cebu,San Fernando,Tubod,1726
Cebu,San Fernando,Ilaya,1975
Cebu,San Francisco,Montealegre,1735
Cebu,San Francisco,Cabunga-An,2226
Cebu,San Francisco,Campo,3123
Cebu,San Francisco,Consuelo,5750
Cebu,San Francisco,Esperanza,6370
Cebu,San Francisco,Himensulan,2331
Cebu,San Francisco,Northern Poblacion,4786
Cebu,San Francisco,San Isidro,4346
Cebu,San Francisco,Santa Cruz,5465
Cebu,San Francisco,Santiago,2412
Cebu,San Francisco,Sonog,3799
Cebu,San Francisco,Southern Poblacion,4143
Cebu,San Francisco,Unidos,992
Cebu,San Francisco,Union,5023
Cebu,San Francisco,Western Poblacion,2679
Cebu,San Remigio,Anapog,1951
Cebu,San Remigio,Argawanon,4118
Cebu,San Remigio,Bagtic,1078
Cebu,San Remigio,Bancasan,1644
Cebu,San Remigio,Batad,1488
Cebu,San Remigio,Busogon,1592
Cebu,San Remigio,Calambua,1450
Cebu,San Remigio,Canagahan,1489
Cebu,San Remigio,Dapdap,1825
Cebu,San Remigio,Gawaygaway,1423
Cebu,San Remigio,Hagnaya,4127
Cebu,San Remigio,Kayam,1350
Cebu,San Remigio,Kinawahan,869
Cebu,San Remigio,Lambusan,2495
Cebu,San Remigio,Lawis,1251
Cebu,San Remigio,Libaong,1213
Cebu,San Remigio,Looc,2201
Cebu,San Remigio,Luyang,2343
Cebu,San Remigio,Mano,3698
Cebu,San Remigio,Poblacion,5356
Cebu,San Remigio,Punta,3174
Cebu,San Remigio,Sab-A,1045
Cebu,San Remigio,San Miguel,1706
Cebu,San Remigio,Tacup,2354
Cebu,San Remigio,Tambongon,3100
Cebu,San Remigio,To-Ong,1307
Cebu,San Remigio,Victoria,1910
Cebu,Santa Fe,Hagdan,3486
Cebu,Santa Fe,Hilantagaan,3726
Cebu,Santa Fe,Kinatarkan,1667
Cebu,Santa Fe,Langub,2055
Cebu,Santa Fe,Maricaban,3286
Cebu,Santa Fe,Okoy,3916
Cebu,Santa Fe,Poblacion,2458
Cebu,Santa Fe,Balidbid,1853
Cebu,Santa Fe,Pooc,3280
Cebu,Santa Fe,Talisay,2876
Cebu,Santander,Bunlan,2171
Cebu,Santander,Cabutongan,1050
Cebu,Santander,Candamiang,1023
Cebu,Santander,Liloan,2219
Cebu,Santander,Lip-Tong,1436
Cebu,Santander,Looc,2053
Cebu,Santander,Pasil,1665
Cebu,Santander,Poblacion,2791
Cebu,Santander,Talisay,2562
Cebu,Santander,Canlumacad,887
Cebu,Sibonga,Abugon,2162
Cebu,Sibonga,Bae,1153
Cebu,Sibonga,Bagacay,2430
Cebu,Sibonga,Bahay,5013
Cebu,Sibonga,Banlot,1871
Cebu,Sibonga,Basak,1106
Cebu,Sibonga,Bato,1477
Cebu,Sibonga,Cagay,816
Cebu,Sibonga,Can-Aga,1011
Cebu,Sibonga,Candaguit,2360
Cebu,Sibonga,Cantolaroy,634
Cebu,Sibonga,Dugoan,783
Cebu,Sibonga,Guimbangco-An,1067
Cebu,Sibonga,Lamacan,1971
Cebu,Sibonga,Libo,1161
Cebu,Sibonga,Lindogon,1648
Cebu,Sibonga,Magcagong,991
Cebu,Sibonga,Manatad,1428
Cebu,Sibonga,Mangyan,2248
Cebu,Sibonga,Papan,816
Cebu,Sibonga,Poblacion,6522
Cebu,Sibonga,Sabang,2407
Cebu,Sibonga,Sayao,1772
Cebu,Sibonga,Simala,3025
Cebu,Sibonga,Tubod,2314
Cebu,Sogod,Ampongol,979
Cebu,Sogod,Bagakay,728
Cebu,Sogod,Bagatayam,2396
Cebu,Sogod,Bawo,2679
Cebu,Sogod,Cabalawan,2829
Cebu,Sogod,Cabangahan,1031
Cebu,Sogod,Calumboyan,2896
Cebu,Sogod,Dakit,840
Cebu,Sogod,Damolog,3433
Cebu,Sogod,Ibabao,2444
Cebu,Sogod,Liki,1911
Cebu,Sogod,Lubo,1000
Cebu,Sogod,Mohon,1158
Cebu,Sogod,Nahus-An,1068
Cebu,Sogod,Poblacion,3472
Cebu,Sogod,Tabunok,3539
Cebu,Sogod,Takay,1119
Cebu,Sogod,Pansoy,1586
Cebu,Tabogon,Alang-Alang,731
Cebu,Tabogon,Caduawan,2786
Cebu,Tabogon,Kal-Anan,815
Cebu,Tabogon,Camoboan,1842
Cebu,Tabogon,Canaocanao,1861
Cebu,Tabogon,Combado,617
Cebu,Tabogon,Daantabogon,1229
Cebu,Tabogon,Ilihan,4262
Cebu,Tabogon,Labangon,1952
Cebu,Tabogon,Libjo,2736
Cebu,Tabogon,Loong,1211
Cebu,Tabogon,Mabuli,1713
Cebu,Tabogon,Managase,1467
Cebu,Tabogon,Manlagtang,1299
Cebu,Tabogon,Maslog,1239
Cebu,Tabogon,Muabog,2330
Cebu,Tabogon,Pio,814
Cebu,Tabogon,Poblacion,1387
Cebu,Tabogon,Salag,1474
Cebu,Tabogon,Sambag,899
Cebu,Tabogon,San Isidro,669
Cebu,Tabogon,San Vicente,820
Cebu,Tabogon,Somosa,2406
Cebu,Tabogon,Taba-Ao,1177
Cebu,Tabogon,Tapul,1277
Cebu,Tabuelan,Bongon,3701
Cebu,Tabuelan,Kanlim-Ao,972
Cebu,Tabuelan,Kanluhangon,1026
Cebu,Tabuelan,Kantubaon,1709
Cebu,Tabuelan,Dalid,1318
Cebu,Tabuelan,Mabunao,947
Cebu,Tabuelan,Maravilla,2573
Cebu,Tabuelan,Olivo,2120
Cebu,Tabuelan,Poblacion,5201
Cebu,Tabuelan,Tabunok,3531
Cebu,Tabuelan,Tigbawan,2073
Cebu,Tabuelan,Villahermosa,459
Cebu,City Of Talisay,Bulacao,12697
Cebu,City Of Talisay,Cadulawan,4379
Cebu,City Of Talisay,Cansojong,16016
Cebu,City Of Talisay,Dumlog,17785
Cebu,City Of Talisay,Jaclupan,8684
Cebu,City Of Talisay,Lagtang,13830
Cebu,City Of Talisay,Lawaan I,9413
Cebu,City Of Talisay,Linao,10110
Cebu,City Of Talisay,Maghaway,7148
Cebu,City Of Talisay,Manipis,2456
Cebu,City Of Talisay,Mohon,10735
Cebu,City Of Talisay,Poblacion,12756
Cebu,City Of Talisay,Pooc,11699
Cebu,City Of Talisay,San Isidro,13753
Cebu,City Of Talisay,San Roque,18161
Cebu,City Of Talisay,Tabunoc,14682
Cebu,City Of Talisay,Tangke,13707
Cebu,City Of Talisay,Tapul,1777
Cebu,City Of Talisay,Biasong,6482
Cebu,City Of Talisay,Camp Iv,3305
Cebu,City Of Talisay,Lawaan Ii,6033
Cebu,City Of Talisay,Lawaan Iii,12037
Cebu,Toledo City,Awihao,4207
Cebu,Toledo City,Bagakay,2485
Cebu,Toledo City,Bato,8173
Cebu,Toledo City,Biga,3327
Cebu,Toledo City,Bulongan,2647
Cebu,Toledo City,Bunga,3868
Cebu,Toledo City,Cabitoonan,4154
Cebu,Toledo City,Calongcalong,1535
Cebu,Toledo City,Cambang-Ug,3668
Cebu,Toledo City,Camp 8,2529
Cebu,Toledo City,Canlumampao,4170
Cebu,Toledo City,Cantabaco,7304
Cebu,Toledo City,Capitan Claudio,4311
Cebu,Toledo City,Carmen,3858
Cebu,Toledo City,Daanglungsod,2933
Cebu,Toledo City,Don Andres Soriano (Lutopan),12764
Cebu,Toledo City,Dumlog,5288
Cebu,Toledo City,Ibo,3699
Cebu,Toledo City,Ilihan,3206
Cebu,Toledo City,Landahan,2183
Cebu,Toledo City,Loay,1501
Cebu,Toledo City,Luray Ii,4640
Cebu,Toledo City,"Juan Climaco, Sr. (Magdugo)",6279
Cebu,Toledo City,Gen. Climaco (Malubog),6337
Cebu,Toledo City,Matab-Ang,9868
Cebu,Toledo City,Media Once,7128
Cebu,Toledo City,Pangamihan,2333
Cebu,Toledo City,Poblacion,13383
Cebu,Toledo City,Poog,5989
Cebu,Toledo City,Putingbato,1413
Cebu,Toledo City,Sagay,1145
Cebu,Toledo City,Sam-Ang,1719
Cebu,Toledo City,Sangi,4201
Cebu,Toledo City,Santo Niño (Mainggit),5316
Cebu,Toledo City,Subayon,1432
Cebu,Toledo City,Talavera,6041
Cebu,Toledo City,Tungkay,1173
Cebu,Toledo City,Tubod,4128
Cebu,Tuburan,Alegria,958
Cebu,Tuburan,Amatugan,816
Cebu,Tuburan,Antipolo,1246
Cebu,Tuburan,Apalan,1665
Cebu,Tuburan,Bagasawe,1812
Cebu,Tuburan,Bakyawan,880
Cebu,Tuburan,Bangkito,296
Cebu,Tuburan,Bulwang,674
Cebu,Tuburan,Kabangkalan,818
Cebu,Tuburan,Kalangahan,1554
Cebu,Tuburan,Kamansi,539
Cebu,Tuburan,Kan-An,315
Cebu,Tuburan,Kanlunsing,204
Cebu,Tuburan,Kansi,1250
Cebu,Tuburan,Caridad,1604
Cebu,Tuburan,Carmelo,2168
Cebu,Tuburan,Cogon,3451
Cebu,Tuburan,Colonia,2615
Cebu,Tuburan,Daan Lungsod,2591
Cebu,Tuburan,Fortaliza,1353
Cebu,Tuburan,Ga-Ang,657
Cebu,Tuburan,Gimama-A,1442
Cebu,Tuburan,Jagbuaya,1397
Cebu,Tuburan,Kabkaban,503
Cebu,Tuburan,Kagba-O,510
Cebu,Tuburan,Kampoot,573
Cebu,Tuburan,Kaorasan,375
Cebu,Tuburan,Libo,301
Cebu,Tuburan,Lusong,962
Cebu,Tuburan,Macupa,364
Cebu,Tuburan,Mag-Alwa,726
Cebu,Tuburan,Mag-Antoy,724
Cebu,Tuburan,Mag-Atubang,921
Cebu,Tuburan,Maghan-Ay,620
Cebu,Tuburan,Mangga,3042
Cebu,Tuburan,Marmol,1461
Cebu,Tuburan,Molobolo,655
Cebu,Tuburan,Montealegre,1664
Cebu,Tuburan,Putat,4171
Cebu,Tuburan,San Juan,974
Cebu,Tuburan,Sandayong,1025
Cebu,Tuburan,Santo Niño,450
Cebu,Tuburan,Siotes,452
Cebu,Tuburan,Sumon,907
Cebu,Tuburan,Tominjao,951
Cebu,Tuburan,Tomugpa,281
Cebu,Tuburan,Barangay I (Pob.),1512
Cebu,Tuburan,Barangay Ii (Pob.),1928
Cebu,Tuburan,Barangay Iii (Pob.),299
Cebu,Tuburan,Barangay Iv (Pob.),254
Cebu,Tuburan,Barangay V,1011
Cebu,Tuburan,Barangay Vi (Pob.),2084
Cebu,Tuburan,Barangay Vii (Pob.),1373
Cebu,Tuburan,Barangay Viii (Pob.),2488
Cebu,Tudela,Buenavista,547
Cebu,Tudela,Calmante,1464
Cebu,Tudela,Daan Secante,460
Cebu,Tudela,General,1079
Cebu,Tudela,Mcarthur,1208
Cebu,Tudela,Northern Poblacion,442
Cebu,Tudela,Puertobello,3067
Cebu,Tudela,Santander,565
Cebu,Tudela,Secante Bag-O,577
Cebu,Tudela,Southern Poblacion,763
Cebu,Tudela,Villahermosa,1124
Cebu,Cebu City (Capital),Adlaon,4028
Cebu,Cebu City (Capital),Agsungot,2290
Cebu,Cebu City (Capital),Apas,24591
Cebu,Cebu City (Capital),Babag,4452
Cebu,Cebu City (Capital),Basak Pardo,19415
Cebu,Cebu City (Capital),Bacayan,15919
Cebu,Cebu City (Capital),Banilad,7890
Cebu,Cebu City (Capital),Basak San Nicolas,35422
Cebu,Cebu City (Capital),Binaliw,3417
Cebu,Cebu City (Capital),Bonbon,5632
Cebu,Cebu City (Capital),Budla-An (Pob.),5316
Cebu,Cebu City (Capital),Buhisan,14977
Cebu,Cebu City (Capital),Bulacao,30450
Cebu,Cebu City (Capital),Buot-Taup Pardo,2475
Cebu,Cebu City (Capital),Busay (Pob.),13048
Cebu,Cebu City (Capital),Calamba,11177
Cebu,Cebu City (Capital),Cambinocot,3099
Cebu,Cebu City (Capital),Capitol Site (Pob.),11307
Cebu,Cebu City (Capital),Carreta,12557
Cebu,Cebu City (Capital),Central (Brgy. Sto. Niño),1213
Cebu,Cebu City (Capital),Cogon Ramos (Pob.),3339
Cebu,Cebu City (Capital),Cogon Pardo,21276
Cebu,Cebu City (Capital),Day-As,4817
Cebu,Cebu City (Capital),Duljo (Pob.),17664
Cebu,Cebu City (Capital),Ermita (Pob.),8451
Cebu,Cebu City (Capital),Guadalupe,61238
Cebu,Cebu City (Capital),Guba,4976
Cebu,Cebu City (Capital),Hippodromo,9684
Cebu,Cebu City (Capital),Inayawan,30707
Cebu,Cebu City (Capital),Kalubihan (Pob.),866
Cebu,Cebu City (Capital),Kalunasan,26756
Cebu,Cebu City (Capital),Kamagayan (Pob.),2170
Cebu,Cebu City (Capital),Camputhaw (Pob.),20030
Cebu,Cebu City (Capital),Kasambagan,8428
Cebu,Cebu City (Capital),Kinasang-An Pardo,15185
Cebu,Cebu City (Capital),Labangon,33477
Cebu,Cebu City (Capital),Lahug (Pob.),38584
Cebu,Cebu City (Capital),Lorega (Lorega San Miguel),11873
Cebu,Cebu City (Capital),Lusaran,2931
Cebu,Cebu City (Capital),Luz,18313
Cebu,Cebu City (Capital),Mabini,1909
Cebu,Cebu City (Capital),Mabolo,22008
Cebu,Cebu City (Capital),Malubog,2568
Cebu,Cebu City (Capital),Mambaling,32564
Cebu,Cebu City (Capital),Pahina Central (Pob.),5258
Cebu,Cebu City (Capital),Pahina San Nicolas,3196
Cebu,Cebu City (Capital),Pamutan,1862
Cebu,Cebu City (Capital),Pardo (Pob.),12596
Cebu,Cebu City (Capital),Pari-An,1574
Cebu,Cebu City (Capital),Paril,1479
Cebu,Cebu City (Capital),Pasil,8593
Cebu,Cebu City (Capital),Pit-Os,6244
Cebu,Cebu City (Capital),Pulangbato,5988
Cebu,Cebu City (Capital),Pung-Ol-Sibugay,2556
Cebu,Cebu City (Capital),Punta Princesa,22369
Cebu,Cebu City (Capital),Quiot Pardo,24200
Cebu,Cebu City (Capital),Sambag I (Pob.),13434
Cebu,Cebu City (Capital),Sambag Ii (Pob.),11223
Cebu,Cebu City (Capital),San Antonio (Pob.),1928
Cebu,Cebu City (Capital),San Jose,6870
Cebu,Cebu City (Capital),San Nicolas Central,6694
Cebu,Cebu City (Capital),San Roque (Ciudad),4444
Cebu,Cebu City (Capital),Santa Cruz (Pob.),2316
Cebu,Cebu City (Capital),Sawang Calero (Pob.),8259
Cebu,Cebu City (Capital),Sinsin,2161
Cebu,Cebu City (Capital),Sirao,3456
Cebu,Cebu City (Capital),Suba Pob. (Suba San Nicolas),11026
Cebu,Cebu City (Capital),Sudlon I,2777
Cebu,Cebu City (Capital),Sapangdaku,7594
Cebu,Cebu City (Capital),T. Padilla,7646
Cebu,Cebu City (Capital),Tabunan,2138
Cebu,Cebu City (Capital),Tagbao,1767
Cebu,Cebu City (Capital),Talamban,32139
Cebu,Cebu City (Capital),Taptap,2093
Cebu,Cebu City (Capital),Tejero (Villa Gonzalo),14496
Cebu,Cebu City (Capital),Tinago,6743
Cebu,Cebu City (Capital),Tisa,37766
Cebu,Cebu City (Capital),To-Ong Pardo,4178
Cebu,Cebu City (Capital),Zapatera,3146
Cebu,Cebu City (Capital),Sudlon Ii,3913
Cebu,Lapu-Lapu City (Opon),Agus,15767
Cebu,Lapu-Lapu City (Opon),Babag,22756
Cebu,Lapu-Lapu City (Opon),Bankal,20872
Cebu,Lapu-Lapu City (Opon),Baring,3353
Cebu,Lapu-Lapu City (Opon),Basak,59873
Cebu,Lapu-Lapu City (Opon),Buaya,16072
Cebu,Lapu-Lapu City (Opon),Calawisan,11454
Cebu,Lapu-Lapu City (Opon),Canjulao,13245
Cebu,Lapu-Lapu City (Opon),Caw-Oy,1837
Cebu,Lapu-Lapu City (Opon),Cawhagan,638
Cebu,Lapu-Lapu City (Opon),Caubian,2272
Cebu,Lapu-Lapu City (Opon),Gun-Ob,31219
Cebu,Lapu-Lapu City (Opon),Ibo,8126
Cebu,Lapu-Lapu City (Opon),Looc,16016
Cebu,Lapu-Lapu City (Opon),Mactan,33465
Cebu,Lapu-Lapu City (Opon),Maribago,16591
Cebu,Lapu-Lapu City (Opon),Marigondon,19713
Cebu,Lapu-Lapu City (Opon),Pajac,17402
Cebu,Lapu-Lapu City (Opon),Pajo,20999
Cebu,Lapu-Lapu City (Opon),Pangan-An,2070
Cebu,Lapu-Lapu City (Opon),Poblacion,5581
Cebu,Lapu-Lapu City (Opon),Punta Engaño,8753
Cebu,Lapu-Lapu City (Opon),Pusok,28810
Cebu,Lapu-Lapu City (Opon),Sabang,6091
Cebu,Lapu-Lapu City (Opon),Santa Rosa,4302
Cebu,Lapu-Lapu City (Opon),Subabasbas,6288
Cebu,Lapu-Lapu City (Opon),Talima,5734
Cebu,Lapu-Lapu City (Opon),Tingo,3088
Cebu,Lapu-Lapu City (Opon),Tungasan,1871
Cebu,Lapu-Lapu City (Opon),San Vicente,3854
Cebu,Mandaue City,Alang-Alang,13457
Cebu,Mandaue City,Bakilid,4591
Cebu,Mandaue City,Banilad,22771
Cebu,Mandaue City,Basak,10606
Cebu,Mandaue City,Cabancalan,14132
Cebu,Mandaue City,Cambaro,9474
Cebu,Mandaue City,Canduman,18852
Cebu,Mandaue City,Casili,4558
Cebu,Mandaue City,Casuntingan,14690
Cebu,Mandaue City,Centro (Pob.),3383
Cebu,Mandaue City,Cubacub,10284
Cebu,Mandaue City,Guizo,9623
Cebu,Mandaue City,Ibabao-Estancia,9503
Cebu,Mandaue City,Jagobiao,13685
Cebu,Mandaue City,Labogon,21028
Cebu,Mandaue City,Looc,17143
Cebu,Mandaue City,Maguikay,14645
Cebu,Mandaue City,Mantuyong,6540
Cebu,Mandaue City,Opao,11457
Cebu,Mandaue City,Pakna-An,26943
Cebu,Mandaue City,Pagsabungan,20335
Cebu,Mandaue City,Subangdaku,17714
Cebu,Mandaue City,Tabok,18167
Cebu,Mandaue City,Tawason,4958
Cebu,Mandaue City,Tingub,6774
Cebu,Mandaue City,Tipolo,18840
Cebu,Mandaue City,Umapad,18501
